Brand;Endoscope Model;AquaTYPHOON;;;
;;"AquaTYPHOON Connection set
Ref. PlasmaBiotics";"AquaTYPHOON Connection set
PENTAX Item N°";AquaTYPHOON Cycle code;AquaTYPHOON Connection card
Fujifilm;EB-270P;AF BR70/A;301218-1;BCU-BCU;B05-032_3_302
Fujifilm;EB-270S;AF BR70/A;301218-1;BCU-BCU;B05-032_3_302
Fujifilm;EB-270T;AF BR70/A;301218-1;BCU-BCU;B05-032_3_302
Fujifilm;EB-470P;AF BR70/A;301218-1;BCU-BCU;B05-032_3_302
Fujifilm;EB-470S;AF BR70/A;301218-1;BCU-BCU;B05-032_3_302
Fujifilm;EB-470T;AF BR70/A;301218-1;BCU-BCU;B05-032_3_302
Fujifilm;EB-530H;AF BRG5/A;301217-1;BCU-BCU;B05-036_3_302
Fujifilm;EB-530P;AF BRG5/A;301217-1;BCU-TC;B05-036_3_302
Fujifilm;EB-530S;AF BRG5/A;301217-1;BCU-BCU;B05-036_3_302
Fujifilm;EB-530T;AF BRG5/A;301217-1;BCU-BCU;B05-036_3_302
Fujifilm;EB-530US;AF EBUS/A;301220-1;BCU-EBUS;B05-037_3_302
Fujifilm;EB-530XT;AF BRG5/A;301217-1;BCU-BCU;B05-036_3_302
Fujifilm;EB-580S;AF BRG5/A;301217-1;BCU-BCU;B05-036_3_302
Fujifilm;EB-580T;AF BRG5/A;301217-1;BCU-BCU;B05-036_3_302
Fujifilm;EB-710P;AO BR/A;301225-1;BCU-BCU;B05-011_3_302
Fujifilm;EB-710P;AO BR/A;301225-1;BCU-BCU;B05-011_3_302
Fujifilm;EB-710XT;AO BR/A;301225-1;BCU-BCU;B05-011_3_302
Fujifilm;EC-530DL;AF GIG5-2B/A;301212-1;DOC;B05-028_3_302
Fujifilm;EC-530DM;AF GIG5-2B/A;301212-1;DOC;B05-028_3_302
Fujifilm;EC-530FI;AF GIG5/A;301211-1;GI;B05-001_3_302
Fujifilm;EC-530FL;AF GIG5/A;301211-1;GI;B05-001_3_302
Fujifilm;EC-530LP;AF GIG5/A;301211-1;GI;B05-001_3_302
Fujifilm;EC-530MP;AF GIG5/A;301211-1;GI;B05-001_3_302
Fujifilm;EC-530WI3;AF GIG5/A;301211-1;GI;B05-001_3_302
Fujifilm;EC-530WL3;AF GIG5/A;301211-1;GI;B05-001_3_302
Fujifilm;EC-530WM;AF GIG5/A;301211-1;GI;B05-001_3_302
Fujifilm;EC-530WM3;AF GIG5/A;301211-1;GI;B05-001_3_302
Fujifilm;EC-580RD L;AF GIG5/A;301211-1;GI;B05-001_3_302
Fujifilm;EC-580RD M;AF GIG5/A;301211-1;GI;B05-001_3_302
Fujifilm;EC-580RDL;AF GIG5/A;301211-1;GI;B05-001_3_302
Fujifilm;EC-590MP;AF GIG5/A;301211-1;GI;B05-001_3_302
Fujifilm;EC-590WI4;AF GIG5/A;301211-1;GI;B05-001_3_302
Fujifilm;EC-590WL4;AF GIG5/A;301211-1;GI;B05-001_3_302
Fujifilm;EC-590WM4;AF GIG5/A;301211-1;GI;B05-001_3_302
Fujifilm;EC-590ZW/M;AF GIG5/A;301211-1;GI;B05-001_3_302
Fujifilm;EC-590ZW3 L;AF GIG5/A;301211-1;GI;B05-001_3_302
Fujifilm;EC-590ZW3 M;AF GIG5/A;301211-1;GI;B05-001_3_302
Fujifilm;EC-600W-I;AF GIG5/A;301211-1;GI;B05-001_3_302
Fujifilm;EC-600WL;AF GIG5/A;301211-1;GI;B05-001_3_302
Fujifilm;EC-600WM;AF GIG5/A;301211-1;GI;B05-001_3_302
Fujifilm;EC-600ZWL;AF GIG5/A;301211-1;GI;B05-001_3_302
Fujifilm;EC-600ZW-M;AF GIG5/A;301211-1;GI;B05-001_3_302
Fujifilm;EC-720RI;AF GI700/A;301213-1;GI;B05-002_3_302
Fujifilm;EC-720RL;AF GI700/A;301213-1;GI;B05-002_3_302
Fujifilm;EC-720RM;AF GI700/A;301213-1;GI;B05-002_3_302
Fujifilm;EC-740TL;AF GI700/A;301213-1;GI;B05-002_3_302
Fujifilm;EC-740TM;AF GI700/A;301213-1;GI;B05-002_3_302
Fujifilm;EC-760P-VL;AF GI700/A;301213-1;GI;B05-002_3_302
Fujifilm;EC-760P-VM;AF GI700/A;301213-1;GI;B05-002_3_302
Fujifilm;EC-760R-VI ;AF GI700/A;301213-1;GI;B05-002_3_302
Fujifilm;EC-760R-VL;AF GI700/A;301213-1;GI;B05-002_3_302
Fujifilm;EC-760R-VM;AF GI700/A;301213-1;GI;B05-002_3_302
Fujifilm;EC-760S-G/L;AF GI700/A;301213-1;GI;B05-002_3_302
Fujifilm;EC-760ZP-VL;AF GI700/A;301213-1;GI;B05-002_3_302
Fujifilm;EC-760ZP-VM;AF GI700/A;301213-1;GI;B05-002_3_302
Fujifilm;EC-760ZV;AF GI700/A;301213-1;GI;B05-002_3_302
Fujifilm;EC-L600ZP7;AF GIG5/A;301211-1;GI;B05-001_3_302
Fujifilm;ED-530XT8;AF GIG5/A;301211-1;GI;B05-001_3_302
Fujifilm;ED-580T;AF GI700/A;301213-1;GI;B05-002_3_304
Fujifilm;ED-580XT ;AF GI700/A;301213-1;GI;B05-002_3_304
Fujifilm;EG-250WM;AF GIG5/A;301211-1;GI;B05-001_3_302
Fujifilm;EG-530CT;AF GIG5/A;301211-1;GI;B05-001_3_302
Fujifilm;EG-530D;AF GIG5-2B/A;301212-1;DOC;B05-028_3_302
Fujifilm;EG-530FP;AF GIG5/A;301211-1;GI;B05-001_3_302
Fujifilm;EG-530NP;AF GIG5/A;301211-1;GI;B05-001_3_302
Fujifilm;EG-530NW;AF GIG5/A;301211-1;GI;B05-001_3_302
Fujifilm;EG-530UR;AF EUS530/A;301215-1;EUS;B05-005_3_302
Fujifilm;EG-530UR2;AF EUS530/A;301215-1;EUS;B05-005_3_302
Fujifilm;EG-530UT;AF EUS530/A;301215-1;EUS;B05-005_3_302
Fujifilm;EG-530UT2;AF EUS530/A;301215-1;EUS;B05-005_3_302
Fujifilm;EG-530WR;AF GIG5/A;301211-1;GI;B05-001_3_302
Fujifilm;EG-580NWZ;AF GIG5/A;301211-1;GI;B05-001_3_302
Fujifilm;EG-580RD;AF GIG5/A;301211-1;GI;B05-001_3_302
Fujifilm;EG-580UR;AF EUS580/A;301216-1;EUS;B05-006_3_302
Fujifilm;EG-580UT;AF EUS580/A;301216-1;EUS;B05-006_3_302
Fujifilm;EG-590WR;AF GIG5/A;301211-1;GI;B05-001_3_302
Fujifilm;EG-590ZW;AF GIG5/A;301211-1;GI;B05-001_3_302
Fujifilm;EG-600WR;AF GIG5/A;301211-1;GI;B05-001_3_302
Fujifilm;EG-600ZW;AF GIG5/A;301211-1;GI;B05-001_3_302
Fujifilm;EG-720R;AF GI700/A;301213-1;GI;B05-002_3_302
Fujifilm;EG-740N;AF GI700/A;301213-1;GI;B05-002_3_302
Fujifilm;EG-740UT;AF EUS580/A;301216-1;EUS;B05-006_3_302
Fujifilm;EG-760CT;AF GI700/A;301213-1;GI;B05-002_3_302
Fujifilm;EG-760R;AF GI700/A;301213-1;GI;B05-002_3_302
Fujifilm;EG-760Z;AF GI700/A;301213-1;GI;B05-002_3_302
Fujifilm;EG-840TP;AF GI700/A;301213-1;GI;B05-002_3_302
Fujifilm;EG-L580NW7;AF GIG5/A;301211-1;GI;B05-001_3_302
Fujifilm;EG-L600ZW7;AF GI700/A;301213-1;GI;B05-002_3_302
Fujifilm;EI-580BT;AF GI700/A;301213-1;GI;B05-002_3_303
Fujifilm;EI-740 D/S;AF GI700-2B/A;301214-1;DOC;B05-038_3_302
Fujifilm;EN-450T5;AF GIG5/A;301211-1;GI;B05-001_3_302
Fujifilm;EN-450T5-20;AF GIG5/A;301211-1;GI;B05-001_3_302
Fujifilm;EN-580T;AF GIG5/A;301211-1;GI;B05-001_3_303
Fujifilm;EN-580XP;AF GIG5/A;301211-1;GI;B05-001_3_303
Fujifilm;EN-840T;AF EN800/A;301250-1;EUS;B05-040_3_302
Fujifilm;ER-270FP;AF BR70/A;301218-1;BCU-BCU;B05-032_3_302
Fujifilm;ER-270T;AF BR70/A;301218-1;BCU-BCU;B05-032_3_302
Fujifilm;ER-530S2;N/A;#N/A;NCH;N/A
Fujifilm;ER-530T;AF BRG5/A;301217-1;BCU-BCU;B05-036_3_302
Fujifilm;ES-530WE;AF GIG5/A;301211-1;GI;B05-001_3_302
Fujifilm;FB-120MP;AF BRG5/A;301217-1;BCU-BCU;B05-036_3_302
Fujifilm;FB-120P;AF BR70/A;301218-1;BCU-BCU;B05-032_3_302
Fujifilm;FB-120S;AF BR70/A;301218-1;BCU-BCU;B05-032_3_302
Fujifilm;FB-120T;AF BR70/A;301218-1;BCU-BCU;B05-032_3_302
Fujifilm;FR-120F;N/A;#N/A;NCH;N/A
Fujifilm;G-EYE 760R(-I);AF GI700/A;301213-1;GI;B05-002_3_302
Fujifilm;G-EYE 760R(-L);AF GI700/A;301213-1;GI;B05-002_3_302
Fujifilm;G-EYE 760R(-M);AF GI700/A;301213-1;GI;B05-002_3_302
ION;490206;Without Channel;N/A;NCH;N/A
ION;490105E;AO LF/A;301227-1;BCU-TC;B05-014_3_302
Olympus;BF-1T180;AO BR/A;301225-1;BCU-BCU;B05-011_3_302
Olympus;BF-1T190;AO BR/A;301225-1;BCU-BCU;B05-011_3_302
Olympus;BF-1T260;AO BR/A;301225-1;BCU-BCU;B05-011_3_302
Olympus;BF-1T60;AO BR/A;301225-1;BCU-BCU;B05-011_3_302
Olympus;BF-1TH1100;AO BR/A;301225-1;BCU-BCU;B05-011_3_302
Olympus;BF-1TH1200;AO BR/A;301225-1;BCU-BCU;B05-011_3_302
Olympus;BF-1TH190;AO BR/A;301225-1;BCU-BCU;B05-011_3_302
Olympus;BF-1TQ290;AO BR/A;301225-1;BCU-BCU;B05-011_3_302
Olympus;BF-260;AO BR/A;301225-1;BCU-BCU;B05-011_3_302
Olympus;BF-3C160;AO BR/A;301225-1;BCU-BCU;B05-011_3_302
Olympus;BF-3C30;AO BR/A;301225-1;BCU-BCU;B05-011_3_302
Olympus;BF-3C40;AO BR/A;301225-1;BCU-BCU;B05-011_3_302
Olympus;BF-F260;AO BR/A;301225-1;BCU-BCU;B05-011_3_302
Olympus;BF-H1100;AO BR/A;301225-1;BCU-BCU;B05-011_3_302
Olympus;BF-H1200;AO BR/A;301225-1;BCU-BCU;B05-011_3_302
Olympus;BF-H190;AO BR/A;301225-1;BCU-BCU;B05-011_3_302
Olympus;BF-H290;AO BR/A;301225-1;BCU-BCU;B05-011_3_302
Olympus;BF-MP190F;AO BR/A;301225-1;BCU-BCU;B05-011_3_302
Olympus;BF-MP290F;AO BR/A;301225-1;BCU-BCU;B05-011_3_302
Olympus;BF-MP60;AO BR/A;301225-1;BCU-BCU;B05-011_3_302
Olympus;BF-N20;N/A;#N/A;NCH;N/A
Olympus;BF-P180;AO BR/A;301225-1;BCU-BCU;B05-011_3_302
Olympus;BF-P190;AO BR/A;301225-1;BCU-BCU;B05-011_3_302
Olympus;BF-P260F;AO BR/A;301225-1;BCU-BCU;B05-011_3_302
Olympus;BF-P290;AO BR/A;301225-1;BCU-BCU;B05-011_3_302
Olympus;BF-P60;AO BR/A;301225-1;BCU-BCU;B05-011_3_302
Olympus;BF-PE2;AO BR/A;301225-1;BCU-BCU;B05-011_3_302
Olympus;BF-Q180;AO BR/A;301225-1;BCU-BCU;B05-011_3_302
Olympus;BF-Q180-AC;AO BR/A;301225-1;BCU-BCU;B05-011_3_302
Olympus;BF-Q190;AO BR/A;301225-1;BCU-BCU;B05-011_3_302
Olympus;BF-Q290;AO BR/A;301225-1;BCU-BCU;B05-011_3_302
Olympus;BF-TE2;AO BR/A;301225-1;BCU-BCU;B05-011_3_302
Olympus;BF-TH1100;AO BR/A;301225-1;BCU-BCU;B05-011_3_302
Olympus;BF-TH190;AO BR/A;301225-1;BCU-BCU;B05-011_3_302
Olympus;BF-UC180F;AO EBUS/A;301226-1;BCU-EBUS;B05-012_3_302
Olympus;BF-UC190F;AO EBUS/A;301226-1;BCU-EBUS;B05-012_3_302
Olympus;BF-UC260FW;AO EBUS/A;301226-1;BCU-EBUS;B05-012_3_302
Olympus;BF-UC290F;AO EBUS/A;301226-1;BCU-EBUS;B05-012_3_302
Olympus;BF-XP190;AO BR/A;301225-1;BCU-BCU;B05-011_3_302
Olympus;BF-XP260F;AO BR/A;301225-1;BCU-BCU;B05-011_3_302
Olympus;BF-XP290;AO BR/A;301225-1;BCU-BCU;B05-011_3_302
Olympus;BF-XP60;AO BR/A;301225-1;BCU-BCU;B05-011_3_302
Olympus;BF-XT190;AO BR/A;301225-1;BCU-BCU;B05-011_3_302
Olympus;CF-185I;AO GI/A;301221-1;GI;B05-007_3_302
Olympus;CF-240I;AO GI/A;301221-1;GI;B05-007_3_302
Olympus;CF-2T160I;AO GI-2B/A;301222-1;DOC;B05-008_3_302
Olympus;CF-2T160L;AO GI-2B/A;301222-1;DOC;B05-008_3_302
Olympus;CF-E3I;AO GI/A;301221-1;GI;B05-007_3_302
Olympus;CF-E3L;AO GI/A;301221-1;GI;B05-007_3_302
Olympus;CF-EZ1500DI;AO GI/A;301221-1;GI;B05-007_3_302
Olympus;CF-EZ1500DL;AO GI/A;301221-1;GI;B05-007_3_302
Olympus;CF-FH260AZI;AO GI/A;301221-1;GI;B05-007_3_302
Olympus;CF-FH260AZL;AO GI/A;301221-1;GI;B05-007_3_302
Olympus;CF-H180AI;AO GI/A;301221-1;GI;B05-007_3_302
Olympus;CF-H180AL;AO GI/A;301221-1;GI;B05-007_3_302
Olympus;CF-H185I;AO GI/A;301221-1;GI;B05-007_3_302
Olympus;CF-H185L;AO GI/A;301221-1;GI;B05-007_3_302
Olympus;CF-H190I;AO GI/A;301221-1;GI;B05-007_3_302
Olympus;CF-H190L;AO GI/A;301221-1;GI;B05-007_3_302
Olympus;CF-H260AI;AO GI/A;301221-1;GI;B05-007_3_302
Olympus;CF-H260AL;AO GI/A;301221-1;GI;B05-007_3_302
Olympus;CF-H260AZI;AO GI/A;301221-1;GI;B05-007_3_302
Olympus;CF-H290ECI;AO GI/A;301221-1;GI;B05-007_3_302
Olympus;CF-HQ1100DI;AO GI/A;301221-1;GI;B05-007_3_302
Olympus;CF-HQ1100DL;AO GI/A;301221-1;GI;B05-007_3_302
Olympus;CF-HQ190I;AO GI/A;301221-1;GI;B05-007_3_302
Olympus;CF-HQ190L;AO GI/A;301221-1;GI;B05-007_3_302
Olympus;CF-HQ290I;AO GI/A;301221-1;GI;B05-007_3_302
Olympus;CF-HQ290L;AO GI/A;301221-1;GI;B05-007_3_302
Olympus;CF-HQ290ZI;AO GI/A;301221-1;GI;B05-007_3_302
Olympus;CF-HQ290ZL;AO GI/A;301221-1;GI;B05-007_3_302
Olympus;CF-Q160L;AO GI/A;301221-1;GI;B05-007_3_302
Olympus;CF-Q180;AO GI/A;301221-1;GI;B05-007_3_302
Olympus;CF-Q180AI;AO GI/A;301221-1;GI;B05-007_3_302
Olympus;CF-Q260AI;AO GI/A;301221-1;GI;B05-007_3_302
Olympus;CF-Q260AL;AO GI/A;301221-1;GI;B05-007_3_302
Olympus;CF-Q260DI;AO GI/A;301221-1;GI;B05-007_3_302
Olympus;CF-XZ1200I;AO GI/A;301221-1;GI;B05-007_3_302
Olympus;CF-XZ1200L;AO GI/A;301221-1;GI;B05-007_3_302
Olympus;CHF-B260;AW CU1/A;301239-1;BCU-TC;B05-023_3_302
Olympus;CHF-B290 ;AW CU1/A;301239-1;BCU-TC;B05-023_3_302
Olympus;CHF-CB30L;AW CU1/A;301239-1;BCU-TC;B05-023_3_302
Olympus;CHF-CB30S;AW CU1/A;301239-1;BCU-TC;B05-023_3_302
Olympus;CHF-V;AO CYS/A;301228-1;BCU-BCU;B05-030_3_302
Olympus;CHF-XP20;AW CU1/A;301239-1;BCU-BCU;B05-023_3_302
Olympus;CYF-240 ;AW CU1/A;301239-1;BCU-BCU;B05-023_3_302
Olympus;CYF-240A;AO CYS/A;301228-1;BCU-BCU;B05-030_3_302
Olympus;CYF-4;AW CU1/A;301239-1;BCU-BCU;B05-023_3_302
Olympus;CYF-4A;AO CYS/A;301228-1;BCU-BCU;B05-030_3_302
Olympus;CYF-5;AW CU1/A;301239-1;BCU-BCU;B05-023_3_302
Olympus;CYF-5A;AO CYS/A;301228-1;BCU-BCU;B05-030_3_302
Olympus;CYF-V;AW CU1/A;301239-1;BCU-BCU;B05-023_3_302
Olympus;CYF-V2;AW CU1/A;301239-1;BCU-BCU;B05-023_3_302
Olympus;CYF-VA2;AO CYS/A;301228-1;BCU-BCU;B05-030_3_302
Olympus;CYF-VH;AW CU1/A;301239-1;BCU-BCU;B05-023_3_302
Olympus;CYF-VHA;AO CYS/A;301228-1;BCU-BCU;B05-030_3_302
Olympus;CYF-VHR;AW CU1/A;301239-1;BCU-BCU;B05-023_3_302
Olympus;ENF 200;N/A;N/A;NCH;N/A
Olympus;ENF TYPE GP;N/A;N/A;NCH;N/A
Olympus;ENF TYPE P4;N/A;N/A;NCH;N/A
Olympus;ENF-GP;Without channel;N/A;NCH;N/A
Olympus;ENF-GP2;Without channel;N/A;NCH;N/A
Olympus;ENF-P4;Without channel;N/A;NCH;N/A
Olympus;ENF-T3;AO LF/A;301227-1;BCU-BCU;B05-014_3_302
Olympus;ENF-V2;Without channel;N/A;NCH;N/A
Olympus;ENF-V3;Without channel;N/A;NCH;N/A
Olympus;ENF-V4;Without channel;N/A;NCH;N/A
Olympus;ENF-VH;Without channel;N/A;NCH;N/A
Olympus;ENF-VH2;Without channel;N/A;NCH;N/A
Olympus;ENF-VQ;Without channel;N/A;NCH;N/A
Olympus;ENF-VT;AO BR/A;301225-1;BCU-BCU;B05-011_3_302
Olympus;ENF-VT2;AO BR/A;301225-1;BCU-BCU;B05-011_3_302
Olympus;ENF-VT3;AO BR/A;301225-1;BCU-BCU;B05-011_3_302
Olympus;ENF-XP;Without channel;N/A;NCH;N/A
Olympus;GF-UCT140;AO EUS-UC/A;301224-1;EUS;B05-010_3_302
Olympus;GF-UCT180;AO EUS-UC/A;301224-1;EUS;B05-010_3_302
Olympus;GF-UCT260;AO EUS-UC/A;301224-1;EUS;B05-010_3_302
Olympus;GF-UE160-AL5;AO EUS/A;301223-1;EUS;B05-009_3_302
Olympus;GF-UE190;AO EUS/A;301223-1;EUS;B05-009_3_302
Olympus;GF-UE260-AL5;AO EUS/A;301223-1;EUS;B05-009_3_302
Olympus;GF-UE290;AO EUS/A;301223-1;EUS;B05-009_3_302
Olympus;GF-UM160;AO EUS/A;301223-1;EUS;B05-009_3_302
Olympus;GF-XQ240;AO GI/A;301221-1;GI;B05-007_3_302
Olympus;GIF-1100;AO GI/A;301221-1;GI;B05-007_3_302
Olympus;GIF-1200N;AO GI/A;301221-1;GI;B05-007_3_302
Olympus;GIF-1TH190;AO GI/A;301221-1;GI;B05-007_3_302
Olympus;GIF-1TQ160;AO GI/A;301221-1;GI;B05-007_3_302
Olympus;GIF-2T160;AO GI-2B/A;301222-1;DOC;B05-008_3_302
Olympus;GIF-2T240;AO GI-2B/A;301222-1;DOC;B05-008_3_302
Olympus;GIF-2TH180;AO GI-2B/A;301222-1;DOC;B05-008_3_302
Olympus;GIF-2TQ260M;AO GI-2B/A;301222-1;DOC;B05-008_3_302
Olympus;GIF-E;AO GI/A;301221-1;GI;B05-007_3_302
Olympus;GIF-E3;AO GI/A;301221-1;GI;B05-007_3_302
Olympus;GIF-EZ1500;AO GI/A;301221-1;GI;B05-007_3_302
Olympus;GIF-FQ260Z;AO GI/A;301221-1;GI;B05-007_3_302
Olympus;GIF-H180;AO GI/A;301221-1;GI;B05-007_3_302
Olympus;GIF-H180J;AO GI/A;301221-1;GI;B05-007_3_302
Olympus;GIF-H185;AO GI/A;301221-1;GI;B05-007_3_302
Olympus;GIF-H190;AO GI/A;301221-1;GI;B05-007_3_302
Olympus;GIF-H190N;AO GI/A;301221-1;GI;B05-007_3_302
Olympus;GIF-H260;AO GI/A;301221-1;GI;B05-007_3_302
Olympus;GIF-H260Z;AO GI/A;301221-1;GI;B05-007_3_302
Olympus;GIF-H290;AO GI/A;301221-1;GI;B05-007_3_302
Olympus;GIF-H290EC;AO GI/A;301221-1;GI;B05-007_3_302
Olympus;GIF-H290T;AO GI/A;301221-1;GI;B05-007_3_302
Olympus;GIF-H290Z;AO GI/A;301221-1;GI;B05-007_3_302
Olympus;GIF-HQ190;AO GI/A;301221-1;GI;B05-007_3_302
Olympus;GIF-HQ290;AO GI/A;301221-1;GI;B05-007_3_302
Olympus;GIF-KH260;AO GI/A;301221-1;GI;B05-007_3_302
Olympus;GIF-N180;AO GI/A;301221-1;GI;B05-007_3_302
Olympus;GIF-PQ260;AO GI/A;301221-1;GI;B05-007_3_302
Olympus;GIF-Q160;AO GI/A;301221-1;GI;B05-007_3_302
Olympus;GIF-Q165;AO GI/A;301221-1;GI;B05-007_3_302
Olympus;GIF-Q180;AO GI/A;301221-1;GI;B05-007_3_302
Olympus;GIF-Q240X;AO GI/A;301221-1;GI;B05-007_3_302
Olympus;GIF-Q260J;AO GI/A;301221-1;GI;B05-007_3_302
Olympus;GIF-XP160;AO GI/A;301221-1;GI;B05-007_3_302
Olympus;GIF-XP190N;AO GI/A;301221-1;GI;B05-007_3_302
Olympus;GIF-XP240;AO GI/A;301221-1;GI;B05-007_3_302
Olympus;GIF-XP260NS;AO GI/A;301221-1;GI;B05-007_3_302
Olympus;GIF-XP290N;AO GI/A;301221-1;GI;B05-007_3_302
Olympus;GIF-XTQ160;AO GI/A;301221-1;GI;B05-007_3_302
Olympus;GIF-XZ1200;AO GI/A;301221-1;GI;B05-007_3_302
Olympus;GIF-XZ1200 ;AO GI/A;301221-1;GI;B05-007_3_302
Olympus;HYF-1T;AW CU1/A;301239-1;BCU-BCU;B05-023_3_302
Olympus;HYF-V;AW CU1/A;301239-1;BCU-TC;B05-023_3_302
Olympus;HYF-XP;AW CU1/A;301239-1;BCU-TC;B05-023_3_302
Olympus;JF-260V;AO GI/A;301221-1;GI;B05-007_3_302
Olympus;LF-2;AO LF/A;301227-1;BCU-BCU;B05-014_3_302
Olympus;LF-DP;AO LF/A;301227-1;BCU-TC;B05-014_3_302
Olympus;LF-GP;AO LF/A;301227-1;BCU-BCU;B05-014_3_302
Olympus;LF-P;Without channel;N/A;NCH;N/A
Olympus;LF-TP;AO LF/A;301227-1;BCU-BCU;B05-014_3_302
Olympus;LF-V;AO CYS/A;301228-1;BCU-TC;B05-030_3_302
Olympus;LTF-160;AO BR/A;301225-1;BCU-BCU;B05-011_3_302
Olympus;LTF-260;AO BR/A;301225-1;BCU-BCU;B05-011_3_302
Olympus;LTF-H290;AO BR/A;301225-1;BCU-BCU;B05-011_3_302
Olympus;MAF-DM;AO CYS/A;301228-1;BCU-TC;B05-030_3_302
Olympus;MAF-DM2;AO CYS/A;301228-1;BCU-TC;B05-030_3_302
Olympus;MAF-GM;AO CYS/A;301228-1;BCU-BCU;B05-030_3_302
Olympus;MAF-GM2;AO CYS/A;301228-1;BCU-BCU;B05-030_3_302
Olympus;MAF-TM;AO BR/A;301225-1;BCU-BCU;B05-011_3_302
Olympus;MAF-TM2;AO CYS/A;301228-1;BCU-BCU;B05-030_3_302
Olympus;PCF-240I;AO GI/A;301221-1;GI;B05-007_3_302
Olympus;PCF-H180AI;AO GI/A;301221-1;GI;B05-007_3_302
Olympus;PCF-H180AL;AO GI/A;301221-1;GI;B05-007_3_302
Olympus;PCF-H190DI;AO GI/A;301221-1;GI;B05-007_3_302
Olympus;PCF-H190DL;AO GI/A;301221-1;GI;B05-007_3_302
Olympus;PCF-H190I;AO GI/A;301221-1;GI;B05-007_3_302
Olympus;PCF-H190L;AO GI/A;301221-1;GI;B05-007_3_302
Olympus;PCF-H190TI;AO GI/A;301221-1;GI;B05-007_3_302
Olympus;PCF-H190TL;AO GI/A;301221-1;GI;B05-007_3_302
Olympus;PCF-H290I;AO GI/A;301221-1;GI;B05-007_3_302
Olympus;PCF-H290L;AO GI/A;301221-1;GI;B05-007_3_302
Olympus;PCF-H290TI;AO GI/A;301221-1;GI;B05-007_3_302
Olympus;PCF-H290TL;AO GI/A;301221-1;GI;B05-007_3_302
Olympus;PCF-H290ZI;AO GI/A;301221-1;GI;B05-007_3_302
Olympus;PCF-H290ZL;AO GI/A;301221-1;GI;B05-007_3_302
Olympus;PCF-HQ190I;AO GI/A;301221-1;GI;B05-007_3_302
Olympus;PCF-HQ190L;AO GI/A;301221-1;GI;B05-007_3_302
Olympus;PCF-P240AI;AO GI/A;301221-1;GI;B05-007_3_302
Olympus;PCF-P240AL;AO GI/A;301221-1;GI;B05-007_3_302
Olympus;PCF-PH190I;AO GI/A;301221-1;GI;B05-007_3_302
Olympus;PCF-PH190L;AO GI/A;301221-1;GI;B05-007_3_302
Olympus;PCF-PQ260I;AO GI/A;301221-1;GI;B05-007_3_302
Olympus;PCF-PQ260L;AO GI/A;301221-1;GI;B05-007_3_302
Olympus;PCF-Q180AI;AO GI/A;301221-1;GI;B05-007_3_302
Olympus;PCF-Q180AL;AO GI/A;301221-1;GI;B05-007_3_302
Olympus;PCF-Q260AI;AO GI/A;301221-1;GI;B05-007_3_302
Olympus;PCF-Q260AL;AO GI/A;301221-1;GI;B05-007_3_302
Olympus;PCF-Q260AZI;AO GI/A;301221-1;GI;B05-007_3_302
Olympus;PCF-Q260JI;AO GI/A;301221-1;GI;B05-007_3_302
Olympus;PCF-Q260JI;AO GI/A;301221-1;GI;B05-007_3_302
Olympus;PCF-Q260JL;AO GI/A;301221-1;GI;B05-007_3_302
Olympus;PSF-1;AO GI/A;301221-1;GI;B05-007_3_302
Olympus;SIF-H190;AO GI/A;301221-1;GI;B05-007_3_302
Olympus;SIF-H290S;AO GI/A;301221-1;GI;B05-007_3_302
Olympus;SIF-Q180;AO GI/A;301221-1;GI;B05-007_3_302
Olympus;SIF-Q260;AO GI/A;301221-1;GI;B05-007_3_302
Olympus;TGF-UC180J;AO EUS-UC/A;301224-1;EUS;B05-010_3_302
Olympus;TGF-UC260J;AO EUS-UC/A;301224-1;EUS;B05-010_3_302
Olympus;TJF-160VR;AO GI/A;301221-1;GI;B05-007_3_302
Olympus;TJF-260V;AO GI/A;301221-1;GI;B05-007_3_302
Olympus;TJF-Q160VF;AO GI/A;301221-1;GI;B05-007_3_302
Olympus;TJF-Q180V;AO GI/A;301221-1;GI;B05-007_3_302
Olympus;TJF-Q190V;AO GI/A;301221-1;GI;B05-007_3_302
Olympus;TJF-Q290V;AO GI/A;301221-1;GI;B05-007_3_302
Olympus;URF-P5;AW CU1/A;301239-1;BCU-TC;B05-023_3_302
Olympus;URF-P6;AW CU1/A;301239-1;BCU-TC;B05-023_3_302
Olympus;URF-P7;AW CU1/A;301239-1;BCU-TC;B05-023_3_302
Olympus;URF-V;AW CU1/A;301239-1;BCU-TC;B05-023_3_302
Olympus;URF-V2;AW CU1/A;301239-1;BCU-TC;B05-023_3_302
Olympus;URF-V3;AW CU1/A;301239-1;BCU-TC;B05-023_3_302
Pentax;EB-1170K;APS BR/A;301234-1;BCU-BCU;B05-013_3_302
Pentax;EB11-J10;AP BR-J10/A;301236-1;BCU-BCU;B05-021_3_302
Pentax;EB-1570AK;APS BR/A;301234-1;BCU-BCU;B05-013_3_302
Pentax;EB-1570K;APS BR/A;301234-1;BCU-BCU;B05-013_3_302
Pentax;EB-1572K;APS BR/A;301234-1;BCU-BCU;B05-013_3_302
Pentax;EB-1575K;APS BR/A;301234-1;BCU-BCU;B05-013_3_302
Pentax;EB15-J10;AP BR-J10/A;301236-1;BCU-BCU;B05-021_3_302
Pentax;EB-1970AK;APS BR/A;301234-1;BCU-BCU;B05-013_3_302
Pentax;EB-1970K;APS BR/A;301234-1;BCU-BCU;B05-013_3_302
Pentax;EB-1970TK;APS BR/A;301234-1;BCU-BCU;B05-013_3_302
Pentax;EB-1970UK;AP EBUS/A;301235-1;BCU-EBUS;B05-020_3_302
Pentax;EB-1972K;APS BR/A;301234-1;BCU-BCU;B05-013_3_302
Pentax;EB-1975K;APS BR/A;301234-1;BCU-BCU;B05-013_3_302
Pentax;EB-1990i;APS BR/A;301234-1;BCU-BCU;B05-013_3_302
Pentax;EB19-J10;AP BR-J10/A;301236-1;BCU-BCU;B05-021_3_302
Pentax;EB19-J10U;AP EBUS-J10/A;301237-1;BCU-EBUS;B05-027_3_302
Pentax;EC-2990Fi;AP GI90/A;301230-1;GI;B05-016_3_302
Pentax;EC-2990Li;AP GI90/A;301230-1;GI;B05-016_3_302
Pentax;EC-2990Mi;AP GI90/A;301230-1;GI;B05-016_3_302
Pentax;EC-3485F;AP GI80/A;301229-1;GI;B05-015_3_302
Pentax;EC-3485FK;AP GI80/A;301229-1;GI;B05-015_3_302
Pentax;EC-3485LK;AP GI80/A;301229-1;GI;B05-015_3_302
Pentax;EC-3490Fi;AP GI90/A;301230-1;GI;B05-016_3_302
Pentax;EC-3490FK;AP GI90/A;301230-1;GI;B05-016_3_302
Pentax;EC-3490Li;AP GI90/A;301230-1;GI;B05-016_3_302
Pentax;EC-3490LK;AP GI90/A;301230-1;GI;B05-016_3_302
Pentax;EC-3490MK;AP GI90/A;301230-1;GI;B05-016_3_302
Pentax;EC-3490TFi;AP GI90/A;301230-1;GI;B05-016_3_302
Pentax;EC-3490TLi;AP GI90/A;301230-1;GI;B05-016_3_302
Pentax;EC-3490TMi;AP GI90/A;301230-1;GI;B05-016_3_302
Pentax;EC34-i10cF;AP GI90/A;301230-1;GI;B05-016_3_302
Pentax;EC34-i10cL;AP GI90/A;301230-1;GI;B05-016_3_302
Pentax;EC34-i10cM;AP GI90/A;301230-1;GI;B05-016_3_302
Pentax;EC34-i10F;AP GI90/A;301230-1;GI;B05-016_3_302
Pentax;EC34-i10L;AP GI90/A;301230-1;GI;B05-016_3_302
Pentax;EC34-i10M;AP GI90/A;301230-1;GI;B05-016_3_302
Pentax;EC34-i10NF;AP GI90/A;301230-1;GI;B05-016_3_302
Pentax;EC34-i10NL;AP GI90/A;301230-1;GI;B05-016_3_302
Pentax;EC34-i10TF;AP GI90/A;301230-1;GI;B05-016_3_302
Pentax;EC34-i10TL;AP GI90/A;301230-1;GI;B05-016_3_302
Pentax;EC34-i10TM;AP GI90/A;301230-1;GI;B05-016_3_302
Pentax;EC34-i20cF;AP GI40/A;301232-1;GI;B05-017_3_302
Pentax;EC34-i20cF;AP GI40/A;301232-1;GI;B05-017_3_302
Pentax;EC34-i20cL;AP GI40/A;301232-1;GI;B05-017_3_302
Pentax;EC34-i20cL;AP GI40/A;301232-1;GI;B05-017_3_302
Pentax;EC34-i20cM;AP GI40/A;301232-1;GI;B05-017_3_302
Pentax;EC34-i20cM;AP GI40/A;301232-1;GI;B05-017_3_302
Pentax;EC-380FK2p;AP GI40/A;301232-1;GI;B05-017_3_302
Pentax;EC-380FKp;AP GI40/A;301232-1;GI;B05-017_3_302
Pentax;EC-380LKp;AP GI40/A;301232-1;GI;B05-017_3_302
Pentax;EC-380Mk2P;AP GI40/A;301232-1;GI;B05-017_3_302
Pentax;EC-381FC;AP GI40/A;301232-1;GI;B05-017_3_302
Pentax;EC-381MC;AP GI40/A;301232-1;GI;B05-017_3_302
Pentax;EC-3840TL;AP GI40/A;301232-1;GI;B05-017_3_302
Pentax;EC-3870CIFK;AP GI80/A;301229-1;GI;B05-015_3_302
Pentax;EC-3870CIFK2;AP GI80/A;301229-1;GI;B05-015_3_302
Pentax;EC-3870CIK;AP GI80/A;301229-1;GI;B05-015_3_302
Pentax;EC-3870CILK;AP GI80/A;301229-1;GI;B05-015_3_302
Pentax;EC-3870CIMK;AP GI80/A;301229-1;GI;B05-015_3_302
Pentax;EC-3870FK;AP GI80/A;301229-1;GI;B05-015_3_302
Pentax;EC-3870FK2;AP GI80/A;301229-1;GI;B05-015_3_302
Pentax;EC-3870FZK;AP GI80/A;301229-1;GI;B05-015_3_302
Pentax;EC-3870LZK;AP GI80/A;301229-1;GI;B05-015_3_302
Pentax;EC-3870M;AP GI80/A;301229-1;GI;B05-015_3_302
Pentax;EC-3870MK;AP GI80/A;301229-1;GI;B05-015_3_302
Pentax;EC-3870MK2;AP GI80/A;301229-1;GI;B05-015_3_302
Pentax;EC-3880FK;AP GI80/A;301229-1;GI;B05-015_3_302
Pentax;EC-3885F;AP GI80/A;301229-1;GI;B05-015_3_302
Pentax;EC-3885F2;AP GI80/A;301229-1;GI;B05-015_3_302
Pentax;EC-3885FK;AP GI80/A;301229-1;GI;B05-015_3_302
Pentax;EC-3885FK2;AP GI80/A;301229-1;GI;B05-015_3_302
Pentax;EC-3885L;AP GI80/A;301229-1;GI;B05-015_3_302
Pentax;EC-3885LK;AP GI80/A;301229-1;GI;B05-015_3_302
Pentax;EC-3885M;AP GI80/A;301229-1;GI;B05-015_3_302
Pentax;EC-3885M2;AP GI80/A;301229-1;GI;B05-015_3_302
Pentax;EC-3885MK;AP GI80/A;301229-1;GI;B05-015_3_302
Pentax;EC-3885MK2;AP GI80/A;301229-1;GI;B05-015_3_302
Pentax;EC-3885TFK;AP GI90-2B/A;301231-1;DOC;B05-031_3_302
Pentax;EC-3890Fi;AP GI90/A;301230-1;GI;B05-016_3_302
Pentax;EC-3890Fi2;AP GI90/A;301230-1;GI;B05-016_3_302
Pentax;EC-3890FK;AP GI90/A;301230-1;GI;B05-016_3_302
Pentax;EC-3890FK2;AP GI90/A;301230-1;GI;B05-016_3_302
Pentax;EC-3890FZi;AP GI90/A;301230-1;GI;B05-016_3_302
Pentax;EC-3890Li;AP GI90/A;301230-1;GI;B05-016_3_302
Pentax;EC-3890LK;AP GI90/A;301230-1;GI;B05-016_3_302
Pentax;EC-3890LZi;AP GI90/A;301230-1;GI;B05-016_3_302
Pentax;EC-3890Mi;AP GI90/A;301230-1;GI;B05-016_3_302
Pentax;EC-3890Mi2;AP GI90/A;301230-1;GI;B05-016_3_302
Pentax;EC-3890MK;AP GI90/A;301230-1;GI;B05-016_3_302
Pentax;EC-3890MK2;AP GI90/A;301230-1;GI;B05-016_3_302
Pentax;EC-3890MZi;AP GI90/A;301230-1;GI;B05-016_3_302
Pentax;EC-3890TFK;AP GI90-2B/A;301231-1;DOC;B05-031_3_302
Pentax;EC-3890TLK;AP GI90-2B/A;301231-1;DOC;B05-031_3_302
Pentax;EC38-i10cF;AP GI90/A;301230-1;GI;B05-016_3_302
Pentax;EC38-i10CF2;AP GI90/A;301230-1;GI;B05-016_3_302
Pentax;EC38-i10cL;AP GI90/A;301230-1;GI;B05-016_3_302
Pentax;EC38-i10cM;AP GI90/A;301230-1;GI;B05-016_3_302
Pentax;EC38-i10F;AP GI90/A;301230-1;GI;B05-016_3_302
Pentax;EC38-i10F2;AP GI90/A;301230-1;GI;B05-016_3_302
Pentax;EC38-i10L;AP GI90/A;301230-1;GI;B05-016_3_302
Pentax;EC38-i10M;AP GI90/A;301230-1;GI;B05-016_3_302
Pentax;EC38-i10M2;AP GI90/A;301230-1;GI;B05-016_3_302
Pentax;EC38-i10NF;AP GI90/A;301230-1;GI;B05-016_3_302
Pentax;EC38-i10NL;AP GI90/A;301230-1;GI;B05-016_3_302
Pentax;EC38-i20cF;AP GI40/A;301232-1;GI;B05-017_3_302
Pentax;EC38-i20cF;AP GI40/A;301232-1;GI;B05-017_3_302
Pentax;EC38-i20cL;AP GI40/A;301232-1;GI;B05-017_3_302
Pentax;EC38-i20cL;AP GI40/A;301232-1;GI;B05-017_3_302
Pentax;EC38-i20cM;AP GI40/A;301232-1;GI;B05-017_3_302
Pentax;EC38-i20cM;AP GI40/A;301232-1;GI;B05-017_3_302
Pentax;EC38-i20cWF;AP GI40/A;301232-1;GI;B05-017_3_302
Pentax;EC38-i20cWF;AP GI40/A;301232-1;GI;B05-017_3_302
Pentax;EC38-i20cWL;AP GI40/A;301232-1;GI;B05-017_3_302
Pentax;EC38-i20cWL;AP GI40/A;301232-1;GI;B05-017_3_302
Pentax;EC38-i20cWM;AP GI40/A;301232-1;GI;B05-017_3_302
Pentax;EC38-i20cWM;AP GI40/A;301232-1;GI;B05-017_3_302
Pentax;ECY-150s;APS BR/A;301234-1;BCU-BCU;B05-013_3_302
Pentax;ECY-1570;APS BR/A;301234-1;BCU-BCU;B05-013_3_302
Pentax;ECY-1570K;AW CU2/A;301240-1;BCU-BCU;B05-024_3_303
Pentax;ECY-1575K;AW CU2/A;301240-1;BCU-BCU;B05-024_3_303
Pentax;ED32-i10;AP GI90/A;301230-1;GI;B05-016_3_302
Pentax;ED-3480TK;AP GI80/A;301229-1;GI;B05-015_3_302
Pentax;ED-3485T;AP GI80/A;301229-1;GI;B05-015_3_302
Pentax;ED-3490TK;AP GI90/A;301230-1;GI;B05-016_3_302
Pentax;ED34-i10cT;AP GI90/A;301230-1;GI;B05-016_3_302
Pentax;ED34-i10cT;AP GI90/A ;301230-1;GI;B05-017_3_302
Pentax;ED34-i10cT2;AP GI90/A;301230-1;GI;B05-016_3_302
Pentax;ED34-i10cT2;AP GI90/A ;301230-1;GI;B05-017_3_302
Pentax;ED34-i10T;AP GI90/A;301230-1;GI;B05-016_3_302
Pentax;ED34-i10T2;AP GI90/A;301230-1;GI;B05-016_3_302
Pentax;ED-3680TK;AP GI80/A;301229-1;GI;B05-015_3_302
Pentax;EE-1580K;AP GI80/A;301229-1;GI;B05-015_3_302
Pentax;EE17-J10;AP GI90/A;301230-1;GI;B05-016_3_302
Pentax;EG-1580K;AP GI80/A;301229-1;GI;B05-015_3_302
Pentax;EG-1690K;AP GI90/A;301230-1;GI;B05-016_3_302
Pentax;EG16-K10;AP GI90/A;301230-1;GI;B05-016_3_302
Pentax;EG17-J10;AP GI90/A;301230-1;GI;B05-016_3_302
Pentax;EG-1870K;AP GI80/A;301229-1;GI;B05-015_3_302
Pentax;EG-2470K;AP GI80/A;301229-1;GI;B05-015_3_302
Pentax;EG-2490K;AP GI90/A;301230-1;GI;B05-016_3_302
Pentax;EG-2540;AP GI40/A;301232-1;GI;B05-017_3_302
Pentax;EG-2770K;AP GI80/A;301229-1;GI;B05-015_3_302
Pentax;EG-2790i;AP GI90/A;301230-1;GI;B05-016_3_302
Pentax;EG-2790K;AP GI90/A;301230-1;GI;B05-016_3_302
Pentax;EG27-i10;AP GI90/A;301230-1;GI;B05-016_3_302
Pentax;EG27-i20c;AP GI40/A;301232-1;GI;B05-017_3_302
Pentax;EG27-i20c;AP GI40/A;301232-1;GI;B05-017_3_302
Pentax;EG-290Kp;AP GI40/A;301232-1;GI;B05-017_3_302
Pentax;EG-2970K;AP GI80/A;301229-1;GI;B05-015_3_302
Pentax;EG-2980K;AP GI80/A;301229-1;GI;B05-015_3_302
Pentax;EG-2985;AP GI80/A;301229-1;GI;B05-015_3_302
Pentax;EG-2985K;AP GI80/A;301229-1;GI;B05-015_3_302
Pentax;EG-2990i;AP GI90/A;301230-1;GI;B05-016_3_302
Pentax;EG-2990K;AP GI90/A;301230-1;GI;B05-016_3_302
Pentax;EG-2990Zi;AP GI90/A;301230-1;GI;B05-016_3_302
Pentax;EG29-i10;AP GI90/A;301230-1;GI;B05-016_3_302
Pentax;EG29-i10c;AP GI90/A;301230-1;GI;B05-016_3_302
Pentax;EG29-i10N;AP GI90/A;301230-1;GI;B05-016_3_302
Pentax;EG29-i20c;AP GI40/A;301232-1;GI;B05-017_3_302
Pentax;EG29-i20c;AP GI40/A;301232-1;GI;B05-017_3_302
Pentax;EG-3270UK;AP EUS/A;301233-1;EUS;B05-019_3_302
Pentax;EG-3485K;AP GI80/A;301229-1;GI;B05-015_3_302
Pentax;EG-3490K;AP GI90/A;301230-1;GI;B05-016_3_302
Pentax;EG34-i10;AP GI90/A;301230-1;GI;B05-016_3_302
Pentax;EG34-J10U;AP EUS/A;301233-1;EUS;B05-019_3_302
Pentax;EG-3630U;Missing;N/A;EUS;Missing
Pentax;EG-3630UR;Missing;N/A;EUS;Missing
Pentax;EG-3670URK;AP EUS/A;301233-1;EUS;B05-019_3_302
Pentax;EG36-J10UR;AP EUS/A;301233-1;EUS;B05-019_3_302
Pentax;EG-3830UT;Missing;N/A;EUS;Missing
Pentax;EG-3870CIK;AP GI80/A;301229-1;GI;B05-015_3_302
Pentax;EG-3870UTK;AP EUS/A;301233-1;EUS;B05-019_3_302
Pentax;EG-3885TK;AP GI90-2B/A;301231-1;DOC;B05-031_3_302
Pentax;EG-3890TK;AP GI90-2B/A;301231-1;DOC;B05-031_3_302
Pentax;EG38-J10UT;AP EUS/A;301233-1;EUS;B05-019_3_302
Pentax;ES-3870K;AP GI80/A;301229-1;GI;B05-015_3_302
Pentax;ES-3885K;AP GI80/A;301229-1;GI;B05-015_3_302
Pentax;FB-10FI;APS BR/A;301234-1;BCU-BCU;B05-013_3_302
Pentax;FB-10V;APS BR/A;301234-1;BCU-BCU;B05-013_3_302
Pentax;FB-15BS;APS BR/A;301234-1;BCU-BCU;B05-013_3_302
Pentax;FB-15FI;APS BR/A;301234-1;BCU-BCU;B05-013_3_302
Pentax;FB-15P;APS BR/A;301234-1;BCU-BCU;B05-013_3_302
Pentax;FB-15RBS;APS BR/A;301234-1;BCU-BCU;B05-013_3_302
Pentax;FB-15V;APS BR/A;301234-1;BCU-BCU;B05-013_3_302
Pentax;FB-18BS;APS BR/A;301234-1;BCU-BCU;B05-013_3_302
Pentax;FB-18FI;APS BR/A;301234-1;BCU-BCU;B05-013_3_302
Pentax;FB-18P;APS BR/A;301234-1;BCU-BCU;B05-013_3_302
Pentax;FB-18RBS;APS BR/A;301234-1;BCU-BCU;B05-013_3_302
Pentax;FB-18V;APS BR/A;301234-1;BCU-BCU;B05-013_3_302
Pentax;FB-19TV;APS BR/A;301234-1;BCU-BCU;B05-013_3_302
Pentax;FB-7P;APS BR/A;301234-1;BCU-BCU;B05-013_3_302
Pentax;FB-8V;APS BR/A;301234-1;BCU-BCU;B05-013_3_302
Pentax;FCN-15X;APS BR/A;301234-1;BCU-BCU;B05-013_3_302
Pentax;FCP-8P;AW CU2/A;301240-1;BCU-BCU;B05-024_3_303
Pentax;FCP-9P;AW CU1/A;301239-1;BCU-BCU;B05-024_3_303
Pentax;FCY-15P2;AW CU2/A;301240-1;BCU-BCU;B05-024_3_303
Pentax;FCY-15RBS;AW CU2/A;301240-1;BCU-BCU;B05-024_3_303
Pentax;FG-34UX;Missing;N/A;EUS;Missing
Pentax;FG-36UX;Missing;N/A;EUS;Missing
Pentax;FG-38UX;Missing;N/A;EUS;Missing
Pentax;FHY-10RBS;AW CU2/A;301240-1;BCU-BCU;B05-024_3_303
Pentax;FHY-15RBS;AW CU2/A;301240-1;BCU-BCU;B05-024_3_303
Pentax;FI-10BS;APS BR/A;301234-1;BCU-BCU;B05-013_3_302
Pentax;FI-10RBS;APS BR/A;301234-1;BCU-BCU;B05-013_3_302
Pentax;FI-13BS;APS BR/A;301234-1;BCU-BCU;B05-013_3_302
Pentax;FI-13P;APS BR/A;301234-1;BCU-BCU;B05-013_3_302
Pentax;FI-13RBS;APS BR/A;301234-1;BCU-BCU;B05-013_3_302
Pentax;FI-16BS;APS BR/A;301234-1;BCU-BCU;B05-013_3_302
Pentax;FI-16RBS;APS BR/A;301234-1;BCU-BCU;B05-013_3_302
Pentax;FI-7BS;Without channel;N/A;NCH;N/A
Pentax;FI-7P;Without channel;N/A;NCH;N/A
Pentax;FI-7RBS;Without channel;N/A;NCH;N/A
Pentax;FI-9BS;APS BR/A;301234-1;BCU-BCU;B05-013_3_302
Pentax;FI-9RBS;APS BR/A;301234-1;BCU-BCU;B05-013_3_302
Pentax;FNL-10BS;Without channel;N/A;NCH;N/A
Pentax;FNL-10RBS;Without channel;N/A;NCH;N/A
Pentax;FNL-10RP2;Without channel;N/A;NCH;N/A
Pentax;FNL-10RP3;Without channel;N/A;NCH;N/A
Pentax;FNL-15RBS;APS BR/A;301234-1;BCU-BCU;B05-013_3_302
Pentax;FNL-15RP3;APS BR/A;301234-1;BCU-BCU;B05-013_3_302
Pentax;FNL-7RBS;Without channel;N/A;NCH;N/A
Pentax;FNL-7RP3;Without channel;N/A;NCH;N/A
Pentax;FP-7RBS;N/A;N/A;NCH;N/A
Pentax;FP-7RBS2;Without channel;N/A;NCH;N/A
Pentax;FUR-9RBS;AW CU2/A;301240-1;BCU-BCU;B05-024_3_303
Pentax;G-EYE34-i10cF;AP GI90/A;301230-1;GI;B05-016_3_302
Pentax;G-EYE34-i10cL;AP GI90/A;301230-1;GI;B05-016_3_302
Pentax;G-EYE34-i10F;AP GI90/A;301230-1;GI;B05-016_3_302
Pentax;G-EYE34-i10L;AP GI90/A;301230-1;GI;B05-016_3_302
Pentax;G-EYE38-i10cF;AP GI90/A;301230-1;GI;B05-016_3_302
Pentax;G-EYE38-i10cF2;AP GI90/A;301230-1;GI;B05-016_3_302
Pentax;G-EYE38-i10cL;AP GI90/A;301230-1;GI;B05-016_3_302
Pentax;G-EYE38-i10cM;AP GI90/A;301230-1;GI;B05-016_3_302
Pentax;G-EYE38-i10F;AP GI90/A;301230-1;GI;B05-016_3_302
Pentax;G-EYE38-i10F2;AP GI90/A;301230-1;GI;B05-016_3_302
Pentax;G-EYE38-i10L;AP GI90/A;301230-1;GI;B05-016_3_302
Pentax;G-EYE38-i10NF;AP GI90/A;301230-1;GI;B05-016_3_302
Pentax;G-EYE38-i10NL;AP GI90/A;301230-1;GI;B05-016_3_302
Pentax;VLS-1070STK;Without channel;N/A;NCH;N/A
Pentax;VLS-1190STK;Without channel;N/A;NCH;N/A
Pentax;VLS-1590STi;Without channel;N/A;NCH;N/A
Pentax;VNL-1070STK;Without channel;N/A;NCH;N/A
Pentax;VNL-110s;Without channel;N/A;NCH;N/A
Pentax;VNL-110STs;Without channel;N/A;NCH;N/A
Pentax;VNL-1170;Without channel;N/A;NCH;N/A
Pentax;VNL-1170K;Without channel;N/A;NCH;N/A
Pentax;VNL-1190STK;Without channel;N/A;NCH;N/A
Pentax;VNL11-J10;Without channel;N/A;NCH;N/A
Pentax;VNL-1570;APS BR/A;301234-1;BCU-BCU;B05-013_3_302
Pentax;VNL-1570STK;APS BR/A;301234-1;BCU-BCU;B05-013_3_302
Pentax;VNL-1590STi;Without channel;N/A;NCH;N/A
Pentax;VNL15-J10;AP BR-J10/A;301236-1;BCU-BCU;B05-021_3_302
Pentax;VNL8-J10;Without channel;N/A;NCH;N/A
Pentax;VNL9-CP;Without channel;N/A;NCH;N/A
Pentax;VSB-2990i;AP GI90/A;301230-1;GI;B05-016_3_302
Pentax;VSB-3430K;AP GI40/A;301232-1;GI;B05-017_3_302
Storz;091251-06;AW CU1/A;301239-1;BCU-TC;B05-023_3_302
Storz;091261-06;AW CU1/A;301239-1;BCU-TC;B05-023_3_302
Storz;091361-06;AW CU1/A;301239-1;BCU-TC;B05-023_3_302
Storz;11001 BI;APS BR/A;301234-1;BCU-BCU;B05-013_3_302
Storz;11001 BN;APS BR/A;301234-1;BCU-BCU;B05-013_3_302
Storz;11001 BN1;APS BR/A;301234-1;BCU-BCU;B05-013_3_302
Storz;11001 RD;AW CU2/A;301240-1;BCU-TC;B05-024_3_302
Storz;11001 UD;AW CU2/A;301240-1;BCU-BCU;B05-024_3_302
Storz;11002 BD;APS BR/A;301234-1;BCU-BCU;B05-013_3_302
Storz;11003 BC;APS BR/A;301234-1;BCU-BCU;B05-013_3_302
Storz;11004 BC;APS BR/A;301234-1;BCU-BCU;B05-013_3_302
Storz;11004 BI;APS BR/A;301234-1;BCU-BCU;B05-013_3_302
Storz;11005 BC;APS BR/A;301234-1;BCU-BCU;B05-013_3_302
Storz;11009 BC;APS BR/A;301234-1;BCU-BCU;B05-013_3_302
Storz;11009 BC1;APS BR/A;301234-1;BCU-BCU;B05-013_3_302
Storz;11009 BI;APS BR/A;301234-1;BCU-BCU;B05-013_3_302
Storz;11101 CM;Without channel;N/A;NCH;N/A
Storz;11101 CMK;Without channel;N/A;NCH;N/A
Storz;11101 P;Without channel;N/A;NCH;N/A
Storz;11101 SK;Without channel;N/A;NCH;N/A
Storz;11101 VP;Without channel;N/A;NCH;N/A
Storz;11101RP;Without channel;N/A;NCH;N/A
Storz;11101SK;Without channel;N/A;NCH;N/A
Storz;11101SP;Without channel;N/A;NCH;N/A
Storz;11264 BB;AW CU1/A;301239-1;BCU-TC;B05-023_3_302
Storz;11272 C;AW CU2/A;301240-1;BCU-BCU;B05-024_3_302
Storz;11272 C1;AW CU2/A;301240-1;BCU-BCU;B05-024_3_302
Storz;11272 CU;AW CU2/A;301240-1;BCU-BCU;B05-024_3_302
Storz;11272 VK;AW CU2/A;301240-1;BCU-BCU;B05-024_3_302
Storz;11272 VN;AW CU2/A;301240-1;BCU-BCU;B05-024_3_302
Storz;11272 VNI;AW CU2/A;301240-1;BCU-BCU;B05-024_3_302
Storz;11272 VNIU;AW CU2/A;301240-1;BCU-BCU;B05-024_3_302
Storz;11272 VNU;AW CU2/A;301240-1;BCU-BCU;B05-024_3_302
Storz;11272 VP;AW CU2/A;301240-1;BCU-BCU;B05-024_3_302
Storz;11272 VPI;AW CU2/A;301240-1;BCU-BCU;B05-024_3_302
Storz;11272 VUK;AW CU2/A;301240-1;BCU-BCU;B05-024_3_302
Storz;11272VH;AS CU/A;301248-1;BCU-BCU;B05-035_3_302
Storz;11272VHK;AS CU/A;301248-1;BCU-BCU;B05-035_3_302
Storz;11272VHUK;AS CU/A;301248-1;BCU-BCU;B05-035_3_302
Storz;11278 A;AW CU2/A;301240-1;BCU-TC;B05-024_3_302
Storz;11278 AU;AW CU2/A;301240-1;BCU-TC;B05-024_3_302
Storz;11278 V;AW CU2/A;301240-1;BCU-TC;B05-024_3_302
Storz;11278 VK;AW CU2/A;301240-1;BCU-TC;B05-024_3_302
Storz;11278 VS;AW CU2/A;301240-1;BCU-TC;B05-024_3_302
Storz;11278 VSK;AW CU2/A;301240-1;BCU-TC;B05-024_3_302
Storz;11278 VSUK;AW CU2/A;301240-1;BCU-TC;B05-024_3_302
Storz;11278 VUK;AW CU2/A;301240-1;BCU-TC;B05-024_3_302
Storz;11292 AD1;AW CU2/A;301240-1;BCU-TC;B05-024_3_302
Storz;11292 DE1;AW CU2/A;301240-1;BCU-BCU;B05-024_3_302
Storz;11292 VP;AW CU2/A;301240-1;BCU-BCU;B05-024_3_302
Storz;11292 VPU;AW CU2/A;301240-1;BCU-BCU;B05-024_3_302
Storz;11292 VSEK;AW CU2/A;301240-1;BCU-TC;B05-024_3_302
Storz;11292 VSUEK;AW CU2/A;301240-1;BCU-TC;B05-024_3_302
Storz;11301 AA1;APS BR/A;301234-1;BCU-BCU;B05-013_3_302
Storz;11301 AAK1;APS BR/A;301234-1;BCU-BCU;B05-013_3_302
Storz;11301 ABXK;Without channel;N/A;NCH;N/A
Storz;11301 BN1;APS BR/A;301234-1;BCU-BCU;B05-013_3_302
Storz;11301 BNK1;APS BR/A;301234-1;BCU-BCU;B05-013_3_302
Storz;11301 BNX;APS BR/A;301234-1;BCU-BCU;B05-013_3_302
Storz;11302 BD2;APS BR/A;301234-1;BCU-BCU;B05-013_3_302
Storz;11302 BDK2;APS BR/A;301234-1;BCU-BCU;B05-013_3_302
Storz;11302 BDXK;APS BR/A;301234-1;BCU-BCU;B05-013_3_302
Storz;11303 BNXK;APS BR/A;301234-1;BCU-BCU;B05-013_3_302
Storz;11304 BCXK;APS BR/A;301234-1;BCU-BCU;B05-013_3_302
Storz;11572 A;Without channel;N/A;NCH;N/A
Storz;11576 A;Without channel;N/A;NCH;N/A
Storz;11577 A;Without channel;N/A;NCH;N/A
Storz;11581 A;Without channel;N/A;NCH;N/A
Storz;11900 AN;APS BR/A;301234-1;BCU-BCU;B05-013_3_302
Storz;11900 AP;APS BR/A;301234-1;BCU-BCU;B05-013_3_302
Storz;11900 BN;APS BR/A;301234-1;BCU-BCU;B05-013_3_302
Storz;11900 BP;APS BR/A;301234-1;BCU-BCU;B05-013_3_302
Storz;11910D;APS BR/A;301234-2;BCU-BCU;B05-013_3_302
Storz;11910DK;APS BR/A;301234-2;BCU-BCU;B05-013_3_302
Storz;11910T;APS BR/A;301234-2;BCU-BCU;B05-013_3_302
Storz;11910TK;APS BR/A;301234-1;BCU-BCU;B05-013_3_302
Storz;13304CS;Without channel;N/A;NCH;N/A
Storz;13700 CKS;AW CU1/A;301239-1;BCU-BCU;B05-023_3_302
Storz;13820 NKS;AS GI/A;301238-1;GI;B05-022_3_302
Storz;13820 PKS;AS GI/A;301238-1;GI;B05-022_3_302
Storz;13821 NKS;AS GI/A;301238-1;GI;B05-022_3_302
Storz;13821 PKS;AS GI/A;301238-1;GI;B05-022_3_302
Storz;13885 FNKS;AS GI/A;301238-1;GI;B05-022_3_302
Storz;13885 FPKS;AS GI/A;301238-1;GI;B05-022_3_302
Storz;13885 NKS;AS GI/A;301238-1;GI;B05-022_3_302
Storz;13885 PKS;AS GI/A;301238-1;GI;B05-022_3_302
Storz;13912 NKS;AS GI/A;301238-1;GI;B05-022_3_302
Storz;13912 PKS;AS GI/A;301238-1;GI;B05-022_3_302
Storz;13920 NKS;AS GI/A;301238-1;GI;B05-022_3_302
Storz;13920 PKS;AS GI/A;301238-1;GI;B05-022_3_302
Storz;13924 HNKS;AS GI/A;301238-1;GI;B05-022_3_302
Storz;13924 HPKS;AS GI/A;301238-1;GI;B05-022_3_302
Storz;13924 NKS;AS GI/A;301238-1;GI;B05-022_3_302
Storz;13924 PKS;AS GI/A;301238-1;GI;B05-022_3_302
Storz;13925 HNKS;AS GI/A;301238-1;GI;B05-022_3_302
Storz;13925 HPKS;AS GI/A;301238-1;GI;B05-022_3_302
Storz;13925 NKS;AS GI/A;301238-1;GI;B05-022_3_302
Storz;13925 PKS;AS GI/A;301238-1;GI;B05-022_3_302
Storz;13926 NKS;AS GI/A;301238-1;GI;B05-022_3_302
Storz;13926 PKS;AS GI/A;301238-1;GI;B05-022_3_302
Storz;13927 NKS;AS GI/A;301238-1;GI;B05-022_3_302
Storz;13927 PKS;AS GI/A;301238-1;GI;B05-022_3_302
Storz;8402 ZX;Without channel;N/A;NCH;N/A
Wolf;7223.001;AW CU1/A;301239-1;BCU-TC;B05-023_3_302
Wolf;7224.001;Without channel;N/A;NCH;N/A
Wolf;7265.001;AW CU1/A;301239-1;BCU-BCU;B05-023_3_302
Wolf;7265.006;AW CU1/A;301239-1;BCU-BCU;B05-023_3_302
Wolf;7268.001;AW CU1/A;301239-1;BCU-BCU;B05-023_3_302
Wolf;7268.061;AW CU1/A;301239-1;BCU-BCU;B05-023_3_302
Wolf;7269.001;AW CU1/A;301239-1;BCU-BCU;B05-023_3_302
Wolf;7269.061;AW CU1/A;301239-1;BCU-BCU;B05-023_3_302
Wolf;7270.001;AW CU1/A;301239-1;BCU-BCU;B05-023_3_302
Wolf;7270.061;AW CU1/A;301239-1;BCU-BCU;B05-023_3_302
Wolf;7305.001;AW CU1/A;301239-1;BCU-BCU;B05-023_3_302
Wolf;7305.006;AW CU1/A;301239-1;BCU-BCU;B05-023_3_302
Wolf;7308.001;AW CU1/A;301239-1;BCU-BCU;B05-023_3_302
Wolf;7308.0014;AW CU1/A;301239-1;BCU-BCU;B05-023_3_302
Wolf;7308.006;AW CU1/A;301239-1;BCU-BCU;B05-023_3_302
Wolf;7308.0064;AW CU1/A;301239-1;BCU-BCU;B05-023_3_302
Wolf;7308.061;AW CU1/A;301239-1;BCU-BCU;B05-023_3_302
Wolf;7308.0614;AW CU1/A;301239-1;BCU-BCU;B05-023_3_302
Wolf;7308.066;AW CU1/A;301239-1;BCU-BCU;B05-023_3_302
Wolf;7308.0664;AW CU1/A;301239-1;BCU-BCU;B05-023_3_302
Wolf;7315.001;AW CU2/A;301240-1;BCU-BCU;B05-024_3_302
Wolf;7315.006;AW CU2/A;301240-1;BCU-BCU;B05-024_3_302
Wolf;7315.1001;AW CU2/A;301240-1;BCU-BCU;B05-024_3_302
Wolf;7315.1006;AW CU2/A;301240-1;BCU-BCU;B05-024_3_302
Wolf;7325.122;AW CU1/A;301239-1;BCU-TC;B05-023_3_302
Wolf;7325.152;AW CU1/A;301239-1;BCU-TC;B05-023_3_302
Wolf;7325.172;AW CU1/A;301239-1;BCU-TC;B05-023_3_302
Wolf;7330.052;AW CU1/A;301239-1;BCU-BCU;B05-023_3_302
Wolf;7330.072;AW CU1/A;301239-1;BCU-BCU;B05-023_3_302
Wolf;7355.071;AW CU2/A;301240-1;BCU-TC;B05-024_3_302
Wolf;7355.076;AW CU2/A;301240-1;BCU-TC;B05-024_3_302
Wolf;7355.1071;AW CU2/A;301240-1;BCU-TC;B05-024_3_302
Wolf;7355.1076;AW CU2/A;301240-1;BCU-TC;B05-024_3_302
Wolf;7356.071;AW Cob/A;301241-1;BCU-BCU;B05-025_3_302
Wolf;7356.076;AW Cob/A;301241-1;BCU-BCU;B05-025_3_302
Wolf;7356.1071;AW Cob/A;301241-1;BCU-BCU;B05-025_3_302
Wolf;7356.1076;AW Cob/A;301241-1;BCU-BCU;B05-025_3_302
Wolf;7326.076;AW Cob/A;301241-1;BCU-BCU;B05-025_3_302
