Brand;Endoscope Model;PlasmaTYPHOON;;;;PlasmaTYPHOON+;;;
;;"PlasmaTYPHOON Connection set
Ref. PlasmaBiotics";"PlasmaTYPHOON Connection Set 
PENTAX Item N°";PlasmaTYPHOON Cycle code;PlasmaTYPHOON Connection card;"PlasmaTYPHOON+ Connection set
Ref. PlasmaBiotics";"PlasmaTYPHOON+ Connection set
PENTAX Item N°";PlasmaTYPHOON+ Cycle code;PlasmaTYPHOON+ Connection card
Fujifilm;EB-270P;Fg5 B70;301086;PED;B01-032_3_302;Fg5 B70;301086;BR-SC;B01-032_3_302
Fujifilm;EB-270S;Fg5 B70;301086;BRO;B01-032_3_302;Fg5 B70;301086;BR-SC;B01-032_3_302
Fujifilm;EB-270T;Fg5 B70;301086;BRO;B01-032_3_302;Fg5 B70;301086;BR-SC;B01-032_3_302
Fujifilm;EB-470P;Fg5 B70;301086;PED;B01-032_3_302;Fg5 B70;301086;BR-SC;B01-032_3_302
Fujifilm;EB-470S;Fg5 B70;301086;BRO;B01-032_3_302;Fg5 B70;301086;BR-SC;B01-032_3_302
Fujifilm;EB-470T;Fg5 B70;301086;BRO;B01-032_3_302;Fg5 B70;301086;BR-SC;B01-032_3_302
Fujifilm;EB-530H;Fg5W B-Bp;301098;BRO;B01-034_3_302;Fg5W B-Bp;301098;BR-LC;B01-034_3_302
Fujifilm;EB-530P;Fg5W B-Bp;301098;PED;B01-034_3_302;Fg5W B-Bp;301098;BR-TC;B01-034_3_302
Fujifilm;EB-530S;Fg5W B-Bp;301098;BRO;B01-034_3_302;Fg5W B-Bp;301098;BR-LC;B01-034_3_302
Fujifilm;EB-530T;Fg5W B-Bp;301098;BRO;B01-034_3_302;Fg5W B-Bp;301098;BR-LC;B01-034_3_302
Fujifilm;EB-530US;Fg5W EB;301099;BRO;B01-035_3_302;Fg5W EB;301099;BR-EBUS;B01-035_3_302
Fujifilm;EB-530XT;Fg5W B-Bp;301098;BRO;B01-034_3_302;Fg5W B-Bp;301098;BR-LC;B01-034_3_302
Fujifilm;EB-580S;Fg5W B-Bp;301098;BRO;B01-034_3_302;Fg5W B-Bp;301098;BR-LC;B01-034_3_302
Fujifilm;EB-580T;Fg5W B-Bp;301098;BRO;B01-034_3_302;Fg5W B-Bp;301098;BR-LC;B01-034_3_302
Fujifilm;EB-710P;F700 B-Bp;301100;BRO;B01-040_3_302;F700 B-Bp;301100;BR-SC;B01-040_3_302
Fujifilm;EB-710P;F700 B-Bp;301100;BRO;B01-040_3_302;F700 B-Bp;301100;BR-SC;B01-040_3_302
Fujifilm;EB-710XT;F700 B-Bp;301100;BRO;B01-040_3_302;F700 B-Bp;301100;BR-SC;B01-040_3_302
Fujifilm;EC-530DL;Fg5W 2C-G-D;301052;ECH;B01-028_3_302;Fg5W 2C-G-D;301052;GI-DOCWJ;B01-028_3_302
Fujifilm;EC-530DM;Fg5W 2C-G-D;301052;ECH;B01-028_3_302;Fg5W 2C-G-D;301052;GI-DOCWJ;B01-028_3_302
Fujifilm;EC-530FI;Fg5W C-G-D;301007;DIG;B01-001_3_302;Fg5W C-G-D;301007;GI-WJ;B01-001_3_302
Fujifilm;EC-530FL;Fg5W C-G-D;301007;DIG;B01-001_3_302;Fg5W C-G-D;301007;GI-WJ;B01-001_3_302
Fujifilm;EC-530LP;Fg5W C-G-D;301007;DIG;B01-001_3_303;Fg5W C-G-D;301007;GI-NWJ;B01-001_3_303
Fujifilm;EC-530MP;Fg5W C-G-D;301007;DIG;B01-001_3_303;Fg5W C-G-D;301007;GI-NWJ;B01-001_3_303
Fujifilm;EC-530WI3;Fg5W C-G-D;301007;DIG;B01-001_3_302;Fg5W C-G-D;301007;GI-WJ;B01-001_3_302
Fujifilm;EC-530WL3;Fg5W C-G-D;301007;DIG;B01-001_3_302;Fg5W C-G-D;301007;GI-WJ;B01-001_3_302
Fujifilm;EC-530WM;Fg5W C-G-D;301007;DIG;B01-001_3_303;Fg5W C-G-D;301007;GI-WJ;B01-001_3_303
Fujifilm;EC-530WM3;Fg5W C-G-D;301007;DIG;B01-001_3_302;Fg5W C-G-D;301007;GI-WJ;B01-001_3_302
Fujifilm;EC-580RD L;Fg5W C-G-D;301007;DIG;B01-001_3_302;Fg5W C-G-D;301007;GI-WJ;B01-001_3_302
Fujifilm;EC-580RD M;Fg5W C-G-D;301007;DIG;B01-001_3_302;Fg5W C-G-D;301007;GI-WJ;B01-001_3_302
Fujifilm;EC-580RDL;Fg5W C-G-D;301007;DIG;B01-001_3_302;Fg5W C-G-D;301007;GI-WJ;B01-001_3_302
Fujifilm;EC-590MP;Fg5W C-G-D;301007;DIG;B01-001_3_302;Fg5W C-G-D;301007;GI-WJ;B01-001_3_302
Fujifilm;EC-590WI4;Fg5W C-G-D;301007;DIG;B01-001_3_302;Fg5W C-G-D;301007;GI-WJ;B01-001_3_302
Fujifilm;EC-590WL4;Fg5W C-G-D;301007;DIG;B01-001_3_302;Fg5W C-G-D;301007;GI-WJ;B01-001_3_302
Fujifilm;EC-590WM4;Fg5W C-G-D;301007;DIG;B01-001_3_302;Fg5W C-G-D;301007;GI-WJ;B01-001_3_302
Fujifilm;EC-590ZW/M;Fg5W C-G-D;301007;DIG;B01-001_3_302;Fg5W C-G-D;301007;GI-WJ;B01-001_3_302
Fujifilm;EC-590ZW3 L;Fg5W C-G-D;301007;DIG;B01-001_3_302;Fg5W C-G-D;301007;GI-WJ;B01-001_3_302
Fujifilm;EC-590ZW3 M;Fg5W C-G-D;301007;DIG;B01-001_3_302;Fg5W C-G-D;301007;GI-WJ;B01-001_3_302
Fujifilm;EC-600W-I;Fg5W C-G-D;301007;DIG;B01-001_3_302;Fg5W C-G-D;301007;GI-WJ;B01-001_3_302
Fujifilm;EC-600WL;Fg5W C-G-D;301007;DIG;B01-001_3_302;Fg5W C-G-D;301007;GI-WJ;B01-001_3_302
Fujifilm;EC-600WM;Fg5W C-G-D;301007;DIG;B01-001_3_302;Fg5W C-G-D;301007;GI-WJ;B01-001_3_302
Fujifilm;EC-600ZWL;Fg5W C-G-D;301007;DIG;B01-001_3_302;Fg5W C-G-D;301007;GI-WJ;B01-001_3_302
Fujifilm;EC-600ZW-M;Fg5W C-G-D;301007;DIG;B01-001_3_302;Fg5W C-G-D;301007;GI-WJ;B01-001_3_302
Fujifilm;EC-720RI;F700 C-G-D;301008;DIG;B01-002_3_302;F700 C-G-D;301008;GI-WJ;B01-002_3_302
Fujifilm;EC-720RL;F700 C-G-D;301008;DIG;B01-002_3_302;F700 C-G-D;301008;GI-WJ;B01-002_3_302
Fujifilm;EC-720RM;F700 C-G-D;301008;DIG;B01-002_3_302;F700 C-G-D;301008;GI-WJ;B01-002_3_302
Fujifilm;EC-740TL;F700 C-G-D;301008;DIG;B01-002_3_302;F700 C-G-D;301008;GI-WJ;B01-002_3_302
Fujifilm;EC-740TM;F700 C-G-D;301008;DIG;B01-002_3_302;F700 C-G-D;301008;GI-WJ;B01-002_3_302
Fujifilm;EC-760P-VL;F700 C-G-D;301008;DIG;B01-002_3_302;F700 C-G-D;301008;GI-WJ;B01-002_3_302
Fujifilm;EC-760P-VM;F700 C-G-D;301008;DIG;B01-002_3_302;F700 C-G-D;301008;GI-WJ;B01-002_3_302
Fujifilm;EC-760R-VI ;F700 C-G-D;301008;DIG;B01-002_3_302;F700 C-G-D;301008;GI-WJ;B01-002_3_302
Fujifilm;EC-760R-VL;F700 C-G-D;301008;DIG;B01-002_3_302;F700 C-G-D;301008;GI-WJ;B01-002_3_302
Fujifilm;EC-760R-VM;F700 C-G-D;301008;DIG;B01-002_3_302;F700 C-G-D;301008;GI-WJ;B01-002_3_302
Fujifilm;EC-760S-G/L;F700 C-G-D;301008;DIG;B01-002_3_302;F700 C-G-D;301008;GI-WJ;B01-002_3_302
Fujifilm;EC-760ZP-VL;F700 C-G-D;301008;DIG;B01-002_3_302;F700 C-G-D;301008;GI-WJ;B01-002_3_302
Fujifilm;EC-760ZP-VM;F700 C-G-D;301008;DIG;B01-002_3_302;F700 C-G-D;301008;GI-WJ;B01-002_3_302
Fujifilm;EC-760ZV;F700 C-G-D;301008;DIG;B01-002_3_302;F700 C-G-D;301008;GI-WJ;B01-002_3_302
Fujifilm;EC-L600ZP7;Fg5W C-G-D;301007;DIG;B01-001_3_302;Fg5W C-G-D;301007;GI-WJ;B01-001_3_302
Fujifilm;ED-530XT8;Fg5W C-G-D;301007;DIG;B01-001_3_303;Fg5W C-G-D;301007;GI-NWJ;B01-001_3_303
Fujifilm;ED-580T;F700 C-G-D;301008;DIG;B01-002_3_304;F700 C-G-D;301008;GI-NWJ;B01-002_3_304
Fujifilm;ED-580XT ;F700 C-G-D;301008;DIG;B01-002_3_304;F700 C-G-D;301008;GI-NWJ;B01-002_3_304
Fujifilm;EG-250WM;Fg5W C-G-D;301007;DIG;B01-001_3_302;Fg5W C-G-D;301007;GI-WJ;B01-001_3_302
Fujifilm;EG-530CT;Fg5W C-G-D;301007;DIG;B01-001_3_302;Fg5W C-G-D;301007;GI-WJ;B01-001_3_302
Fujifilm;EG-530D;Fg5W 2C-G-D;301052;ECH;B01-028_3_302;Fg5W 2C-G-D;301052;GI-DOCWJ;B01-028_3_302
Fujifilm;EG-530FP;Fg5W C-G-D;301007;DIG;B01-001_3_303;Fg5W C-G-D;301007;GI-NWJ;B01-001_3_303
Fujifilm;EG-530NP;Fg5W C-G-D;301007;DIG;B01-001_3_303;Fg5W C-G-D;301007;GI-NWJ;B01-001_3_303
Fujifilm;EG-530NW;Fg5W C-G-D;301007;DIG;B01-001_3_303;Fg5W C-G-D;301007;GI-NWJ;B01-001_3_303
Fujifilm;EG-530UR;Fg5 E530;301011;ECH;B01-005_3_302;Fg5 E530;301011;EUS-NEC;B01-005_3_302
Fujifilm;EG-530UR2;Fg5 E530;301011;ECH;B01-005_3_302;Fg5 E530;301011;EUS-NEC;B01-005_3_302
Fujifilm;EG-530UT;Fg5 E530;301011;ECH;B01-005_3_302;Fg5 E530;301011;EUS-NEC;B01-005_3_302
Fujifilm;EG-530UT2;Fg5 E530;301011;ECH;B01-005_3_302;Fg5 E530;301011;EUS-NEC;B01-005_3_302
Fujifilm;EG-530WR;Fg5W C-G-D;301007;DIG;B01-001_3_303;Fg5W C-G-D;301007;GI-NWJ;B01-001_3_303
Fujifilm;EG-580NWZ;Fg5W C-G-D;301007;DIG;B01-001_3_303;Fg5W C-G-D;301007;GI-NWJ;B01-001_3_303
Fujifilm;EG-580RD;Fg5W C-G-D;301007;DIG;B01-001_3_302;Fg5W C-G-D;301007;GI-WJ;B01-001_3_302
Fujifilm;EG-580UR;Fg5 E580;301012;ECH;B01-006_3_302;Fg5 E580;301012;EUS-NEC;B01-006_3_302
Fujifilm;EG-580UT;Fg5 E580;301012;ECH;B01-006_3_302;Fg5 E580;301012;EUS-NEC;B01-006_3_302
Fujifilm;EG-590WR;Fg5W C-G-D;301007;DIG;B01-001_3_303;Fg5W C-G-D;301007;GI-NWJ;B01-001_3_303
Fujifilm;EG-590ZW;Fg5W C-G-D;301007;DIG;B01-001_3_303;Fg5W C-G-D;301007;GI-NWJ;B01-001_3_303
Fujifilm;EG-600WR;Fg5W C-G-D;301007;DIG;B01-001_3_302;Fg5W C-G-D;301007;GI-WJ;B01-001_3_302
Fujifilm;EG-600ZW;Fg5W C-G-D;301007;DIG;B01-001_3_302;Fg5W C-G-D;301007;GI-WJ;B01-001_3_302
Fujifilm;EG-720R;F700 C-G-D;301008;DIG;B01-002_3_303;F700 C-G-D;301008;GI-NWJ;B01-002_3_303
Fujifilm;EG-740N;F700 C-G-D;301008;DIG;B01-002_3_303;F700 C-G-D;301008;GI-NWJ;B01-002_3_303
Fujifilm;EG-740UT;Fg5 E580;301012;ECH;B01-006_3_302;Fg5 E580;301012;EUS-NEC;B01-006_3_302
Fujifilm;EG-760CT;F700 C-G-D;301008;DIG;B01-002_3_302;F700 C-G-D;301008;GI-WJ;B01-002_3_302
Fujifilm;EG-760R;F700 C-G-D;301008;DIG;B01-002_3_302;F700 C-G-D;301008;GI-WJ;B01-002_3_302
Fujifilm;EG-760Z;F700 C-G-D;301008;DIG;B01-002_3_302;F700 C-G-D;301008;GI-WJ;B01-002_3_302
Fujifilm;EG-840TP;F700 C-G-D;301008;DIG;B01-002_3_302;F700 C-G-D;301008;GI-WJ;B01-002_3_302
Fujifilm;EG-L580NW7;Fg5W C-G-D;301007;DIG;B01-001_3_303;Fg5W C-G-D;301007;GI-NWJ;B01-001_3_303
Fujifilm;EG-L600ZW7;F700 C-G-D;301008;DIG;B01-002_3_302;F700 C-G-D;301008;GI-WJ;B01-002_3_302
Fujifilm;EI-580BT;F700 C-G-D;301008;ECH;B01-002_3_305;F700 C-G-D;301008;GI-WJ;B01-002_3_305
Fujifilm;EI-740 D/S;F700 2C-G-D;301037;ECH;B01-036_3_302;F700 2C-G-D;301037;GI-DOCWJ;B01-036_3_302
Fujifilm;EN-450T5;Fg5W C-G-D;301007;DIG;B01-001_3_303;Fg5W C-G-D;301007;GI-NWJ;B01-001_3_303
Fujifilm;EN-450T5-20;Fg5W C-G-D;301007;DIG;B01-001_3_303;Fg5W C-G-D;301007;GI-NWJ;B01-001_3_303
Fujifilm;EN-580T;Fg5W C-G-D;301007;ECH;B01-001_3_304;Fg5W C-G-D;301007;GI-WJ;B01-001_3_304
Fujifilm;EN-580XP;Fg5W C-G-D;301007;ECH;B01-001_3_304;Fg5W C-G-D;301007;GI-WJ;B01-001_3_304
Fujifilm;EN-840T;F800 EN;301122;ECH;B01-042_3_302;F800 EN;301122;EUS-EC;B01-042_3_302
Fujifilm;ER-270FP;Fg5 B70;301086;BRO;B01-032_3_302;Fg5 B70;301086;BR-LC;B01-032_3_302
Fujifilm;ER-270T;Fg5 B70;301086;BRO;B01-032_3_302;Fg5 B70;301086;BR-LC;B01-032_3_302
Fujifilm;ER-530S2;Without channel;N/A;NA;None;Without channel;N/A;NCH;None
Fujifilm;ER-530T;Fg5W B-Bp;301098;BRO;B01-034_3_302;Fg5W B-Bp;301098;BR-LC;B01-034_3_302
Fujifilm;ES-530WE;Fg5W C-G-D;301007;DIG;B01-001_3_302;Fg5W C-G-D;301007;GI-WJ;B01-001_3_302
Fujifilm;FB-120MP;Fg5W B-Bp;301098;BRO;B01-034_3_302;Fg5W B-Bp;301098;BR-LC;B01-034_3_302
Fujifilm;FB-120P;Fg5 B70;301086;PED;B01-032_3_302;Fg5 B70;301086;BR-SC;B01-032_3_302
Fujifilm;FB-120S;Fg5 B70;301086;BRO;B01-032_3_302;Fg5 B70;301086;BR-SC;B01-032_3_302
Fujifilm;FB-120T;Fg5 B70;301086;BRO;B01-032_3_302;Fg5 B70;301086;BR-SC;B01-032_3_302
Fujifilm;FR-120F;Without channel;N/A;NA;None;Without channel;N/A;NCH;None
Fujifilm;G-EYE 760R(-I);F700 C-G-D;301008;DIG;B01-002_3_302;F700 C-G-D;301008;GI-WJ;B01-002_3_302
Fujifilm;G-EYE 760R(-L);F700 C-G-D;301008;DIG;B01-002_3_302;F700 C-G-D;301008;GI-WJ;B01-002_3_302
Fujifilm;G-EYE 760R(-M);F700 C-G-D;301008;DIG;B01-002_3_302;F700 C-G-D;301008;GI-WJ;B01-002_3_302
ION;490206;Without channel;N/A;NA;None;Without channel;N/A;NCH;None
ION;490105E;OO LF;301020;BRO;B01-014_3_302;OO LF;301020;BR-LC;B01-014_3_302
Olympus;BF-1T180;OO P;301017;BRO;B01-011_3_302;OO P;301017;BR-LC;B01-011_3_302
Olympus;BF-1T190;OO P;301017;BRO;B01-011_3_302;OO P;301017;BR-LC;B01-011_3_302
Olympus;BF-1T260;OO P;301017;BRO;B01-011_3_302;OO P;301017;BR-LC;B01-011_3_302
Olympus;BF-1T60;OO P;301017;BRO;B01-011_3_302;OO P;301017;BR-LC;B01-011_3_302
Olympus;BF-1TH1100;OO P;301017;BRO;B01-011_3_302;OO P;301017;BR-LC;B01-011_3_302
Olympus;BF-1TH1200;OO P;301017;BRO;B01-011_3_302;OO P;301017;BR-LC;B01-011_3_302
Olympus;BF-1TH190;OO P;301017;BRO;B01-011_3_302;OO P;301017;BR-LC;B01-011_3_302
Olympus;BF-1TQ290;OO P;301017;BRO;B01-011_3_302;OO P;301017;BR-LC;B01-011_3_302
Olympus;BF-260;OO P;301017;BRO;B01-011_3_302;OO P;301017;BR-LC;B01-011_3_302
Olympus;BF-3C160;OO P;301017;PED;B01-011_3_302;OO P;301017;BR-TC;B01-011_3_302
Olympus;BF-3C30;OO P;301017;PED;B01-011_3_302;OO P;301017;BR-TC;B01-011_3_302
Olympus;BF-3C40;OO P;301017;PED;B01-011_3_302;OO P;301017;BR-TC;B01-011_3_302
Olympus;BF-F260;OO P;301017;BRO;B01-011_3_302;OO P;301017;BR-LC;B01-011_3_302
Olympus;BF-H1100;OO P;301017;BRO;B01-011_3_302;OO P;301017;BR-LC;B01-011_3_302
Olympus;BF-H1200;OO P;301017;BRO;B01-011_3_302;OO P;301017;BR-LC;B01-011_3_302
Olympus;BF-H190;OO P;301017;BRO;B01-011_3_302;OO P;301017;BR-LC;B01-011_3_302
Olympus;BF-H290;OO P;301017;BRO;B01-011_3_302;OO P;301017;BR-LC;B01-011_3_302
Olympus;BF-MP190F;OO P;301017;BRO;B01-011_3_302;OO P;301017;BR-LC;B01-011_3_302
Olympus;BF-MP290F;OO P;301017;BRO;B01-011_3_302;OO P;301017;BR-LC;B01-011_3_302
Olympus;BF-MP60;OO P;301017;BRO;B01-011_3_302;OO P;301017;BR-LC;B01-011_3_302
Olympus;BF-N20;Without channel;N/A;NA;None;Without channel;N/A;NCH;None
Olympus;BF-P180;OO P;301017;BRO;B01-011_3_302;OO P;301017;BR-LC;B01-011_3_302
Olympus;BF-P190;OO P;301017;BRO;B01-011_3_302;OO P;301017;BR-LC;B01-011_3_302
Olympus;BF-P260F;OO P;301017;BRO;B01-011_3_302;OO P;301017;BR-LC;B01-011_3_302
Olympus;BF-P290;OO P;301017;BRO;B01-011_3_302;OO P;301017;BR-LC;B01-011_3_302
Olympus;BF-P60;OO P;301017;BRO;B01-011_3_302;OO P;301017;BR-LC;B01-011_3_302
Olympus;BF-PE2;OO P;301017;BRO;B01-011_3_302;OO P;301017;BR-LC;B01-011_3_302
Olympus;BF-Q180;OO P;301017;BRO;B01-011_3_302;OO P;301017;BR-LC;B01-011_3_302
Olympus;BF-Q180-AC;OO P;301017;BRO;B01-011_3_302;OO P;301017;BR-LC;B01-011_3_302
Olympus;BF-Q190;OO P;301017;BRO;B01-011_3_302;OO P;301017;BR-LC;B01-011_3_302
Olympus;BF-Q290;OO P;301017;BRO;B01-011_3_302;OO P;301017;BR-LC;B01-011_3_302
Olympus;BF-TE2;OO P;301017;BRO;B01-011_3_302;OO P;301017;BR-LC;B01-011_3_302
Olympus;BF-TH1100;OO P;301017;BRO;B01-011_3_302;OO P;301017;BR-LC;B01-011_3_302
Olympus;BF-TH190;OO P;301017;BRO;B01-011_3_302;OO P;301017;BR-LC;B01-011_3_302
Olympus;BF-UC180F;OO P EB;301018;BRO;B01-012_3_302;OO P EB;301018;BR-EBUS;B01-012_3_302
Olympus;BF-UC190F;OO P EB;301018;BRO;B01-012_3_302;OO P EB;301018;BR-EBUS;B01-012_3_302
Olympus;BF-UC260FW;OO P EB;301018;BRO;B01-012_3_302;OO P EB;301018;BR-EBUS;B01-012_3_302
Olympus;BF-UC290F;OO P EB;301018;BRO;B01-012_3_302;OO P EB;301018;BR-EBUS;B01-012_3_302
Olympus;BF-XP190;OO P;301017;PED;B01-011_3_302;OO P;301017;BR-TC;B01-011_3_302
Olympus;BF-XP260F;OO P;301017;BRO;B01-011_3_302;OO P;301017;BR-LC;B01-011_3_302
Olympus;BF-XP290;OO P;301017;PED;B01-011_3_302;OO P;301017;BR-TC;B01-011_3_302
Olympus;BF-XP60;OO P;301017;PED;B01-011_3_302;OO P;301017;BR-TC;B01-011_3_302
Olympus;BF-XT190;OO P;301017;BRO;B01-011_3_302;OO P;301017;BR-LC;B01-011_3_302
Olympus;CF-185I;OW C-G-D;301013;DIG;B01-007_3_302;OW C-G-D;301013;GI-WJ;B01-007_3_302
Olympus;CF-240I;OW C-G-D;301013;DIG;B01-007_3_302;OW C-G-D;301013;GI-WJ;B01-007_3_302
Olympus;CF-2T160I;OW 2C-G-D;301014;ECH;B01-008_3_302;OW 2C-G-D;301014;GI-DOCWJ;B01-008_3_302
Olympus;CF-2T160L;OW 2C-G-D;301014;ECH;B01-008_3_302;OW 2C-G-D;301014;GI-DOCWJ;B01-008_3_302
Olympus;CF-E3I;OW C-G-D;301013;DIG;B01-007_3_303;OW C-G-D;301013;GI-NWJ;B01-007_3_303
Olympus;CF-E3L;OW C-G-D;301013;DIG;B01-007_3_303;OW C-G-D;301013;GI-NWJ;B01-007_3_303
Olympus;CF-EZ1500DI;OW C-G-D;301013;DIG;B01-007_3_302;OW C-G-D;301013;GI-WJ;B01-007_3_302
Olympus;CF-EZ1500DL;OW C-G-D;301013;DIG;B01-007_3_302;OW C-G-D;301013;GI-WJ;B01-007_3_302
Olympus;CF-FH260AZI;OW C-G-D;301013;DIG;B01-007_3_302;OW C-G-D;301013;GI-WJ;B01-007_3_302
Olympus;CF-FH260AZL;OW C-G-D;301013;DIG;B01-007_3_302;OW C-G-D;301013;GI-WJ;B01-007_3_302
Olympus;CF-H180AI;OW C-G-D;301013;DIG;B01-007_3_302;OW C-G-D;301013;GI-WJ;B01-007_3_302
Olympus;CF-H180AL;OW C-G-D;301013;DIG;B01-007_3_302;OW C-G-D;301013;GI-WJ;B01-007_3_302
Olympus;CF-H185I;OW C-G-D;301013;DIG;B01-007_3_302;OW C-G-D;301013;GI-WJ;B01-007_3_302
Olympus;CF-H185L;OW C-G-D;301013;DIG;B01-007_3_302;OW C-G-D;301013;GI-WJ;B01-007_3_302
Olympus;CF-H190I;OW C-G-D;301013;DIG;B01-007_3_302;OW C-G-D;301013;GI-WJ;B01-007_3_302
Olympus;CF-H190L;OW C-G-D;301013;DIG;B01-007_3_302;OW C-G-D;301013;GI-WJ;B01-007_3_302
Olympus;CF-H260AI;OW C-G-D;301013;DIG;B01-007_3_303;OW C-G-D;301013;GI-NWJ;B01-007_3_303
Olympus;CF-H260AL;OW C-G-D;301013;DIG;B01-007_3_303;OW C-G-D;301013;GI-NWJ;B01-007_3_303
Olympus;CF-H260AZI;OW C-G-D;301013;DIG;B01-007_3_302;OW C-G-D;301013;GI-WJ;B01-007_3_302
Olympus;CF-H290ECI;OW C-G-D;301013;DIG;B01-007_3_302;OW C-G-D;301013;-580;B01-007_3_302
Olympus;CF-HQ1100DI;OW C-G-D;301013;DIG;B01-007_3_302;OW C-G-D;301013;GI-WJ;B01-007_3_302
Olympus;CF-HQ1100DL;OW C-G-D;301013;DIG;B01-007_3_302;OW C-G-D;301013;GI-WJ;B01-007_3_302
Olympus;CF-HQ190I;OW C-G-D;301013;DIG;B01-007_3_302;OW C-G-D;301013;GI-WJ;B01-007_3_302
Olympus;CF-HQ190L;OW C-G-D;301013;DIG;B01-007_3_302;OW C-G-D;301013;GI-WJ;B01-007_3_302
Olympus;CF-HQ290I;OW C-G-D;301013;DIG;B01-007_3_302;OW C-G-D;301013;GI-WJ;B01-007_3_302
Olympus;CF-HQ290L;OW C-G-D;301013;DIG;B01-007_3_302;OW C-G-D;301013;GI-WJ;B01-007_3_302
Olympus;CF-HQ290ZI;OW C-G-D;301013;DIG;B01-007_3_302;OW C-G-D;301013;GI-WJ;B01-007_3_302
Olympus;CF-HQ290ZL;OW C-G-D;301013;DIG;B01-007_3_302;OW C-G-D;301013;GI-WJ;B01-007_3_302
Olympus;CF-Q160L;OW C-G-D;301013;DIG;B01-007_3_302;OW C-G-D;301013;GI-WJ;B01-007_3_302
Olympus;CF-Q180;OW C-G-D;301013;DIG;B01-007_3_302;OW C-G-D;301013;GI-WJ;B01-007_3_302
Olympus;CF-Q180AI;OW C-G-D;301013;DIG;B01-007_3_302;OW C-G-D;301013;GI-WJ;B01-007_3_302
Olympus;CF-Q260AI;OW C-G-D;301013;DIG;B01-007_3_303;OW C-G-D;301013;GI-NWJ;B01-007_3_303
Olympus;CF-Q260AL;OW C-G-D;301013;DIG;B01-007_3_303;OW C-G-D;301013;GI-NWJ;B01-007_3_303
Olympus;CF-Q260DI;OW C-G-D;301013;DIG;B01-007_3_302;OW C-G-D;301013;GI-WJ;B01-007_3_302
Olympus;CF-XZ1200I;OW C-G-D;301013;DIG;B01-007_3_303;OW C-G-D;301013;GI-WJ;B01-007_3_303
Olympus;CF-XZ1200L;OW C-G-D;301013;DIG;B01-007_3_303;OW C-G-D;301013;GI-WJ;B01-007_3_303
Olympus;CHF-B260;Wol C;301029;PED;B01-023_3_302;Wol C;301029;CU-TC;B01-023_3_302
Olympus;CHF-B290 ;Wol C;301029;PED;B01-023_3_302;Wol C;301029;CU-TC;B01-023_3_302
Olympus;CHF-CB30L;Wol C;301029;PED;B01-023_3_302;Wol C;301029;CU-TC;B01-023_3_302
Olympus;CHF-CB30S;Wol C;301029;PED;B01-023_3_302;Wol C;301029;CU-TC;B01-023_3_302
Olympus;CHF-V;Wol C;301029;BRO;B01-030_3_302;Wol C;301029;CU-LC;B01-030_3_302
Olympus;CHF-XP20;OP B-Bp;301019;PED;B01-013_3_302;Wol C;301029;CU-SC;B01-023_3_302
Olympus;CYF-240 ;Wol C;301029;BRO;B01-023_3_302;Wol C;301029;CU-LC;B01-023_3_302
Olympus;CYF-240A;Wol C;301029;BRO;B01-030_3_302;Wol C;301029;CU-LC;B01-030_3_302
Olympus;CYF-4;Wol C;301029;BRO;B01-023_3_302;Wol C;301029;CU-LC;B01-023_3_302
Olympus;CYF-4A;Wol C;301029;BRO;B01-030_3_302;Wol C;301029;CU-LC;B01-030_3_302
Olympus;CYF-5;Wol C;301029;BRO;B01-023_3_302;Wol C;301029;CU-LC;B01-023_3_302
Olympus;CYF-5A;Wol C;301029;BRO;B01-030_3_302;Wol C;301029;CU-LC;B01-030_3_302
Olympus;CYF-V;Wol C;301029;BRO;B01-023_3_302;Wol C;301029;CU-LC;B01-023_3_302
Olympus;CYF-V2;Wol C;301029;BRO;B01-023_3_302;Wol C;301029;CU-LC;B01-023_3_302
Olympus;CYF-VA2;Wol C;301029;BRO;B01-030_3_302;Wol C;301029;CU-LC;B01-030_3_302
Olympus;CYF-VH;Wol C;301029;BRO;B01-023_3_302;Wol C;301029;CU-LC;B01-023_3_302
Olympus;CYF-VHA;Wol C;301029;BRO;B01-030_3_302;Wol C;301029;CU-LC;B01-030_3_302
Olympus;CYF-VHR;Wol C;301029;BRO;B01-023_3_302;Wol C;301029;CU-LC;B01-023_3_302
Olympus;ENF 200;N/A;N/A;N/A;N/A;N/A;N/A;NCH;N/A
Olympus;ENF TYPE GP;N/A;N/A;N/A;N/A;N/A;N/A;NCH;N/A
Olympus;ENF TYPE P4;N/A;N/A;N/A;N/A;N/A;N/A;NCH;N/A
Olympus;ENF-GP;Without channel;N/A;N/A;None;Without channel;N/A;NCH;None
Olympus;ENF-GP2;Without channel;N/A;N/A;None;Without channel;N/A;NCH;None
Olympus;ENF-P4;Without channel;N/A;N/A;None;Without channel;N/A;NCH;None
Olympus;ENF-T3;OO LF;301020;BRO;B01-014_3_302;OO LF;301020;BR-LC;B01-014_3_302
Olympus;ENF-V2;Without channel;N/A;N/A;None;Without channel;N/A;NCH;None
Olympus;ENF-V3;Without channel;N/A;N/A;None;Without channel;N/A;NCH;None
Olympus;ENF-V4;Without channel;N/A;N/A;None;Without channel;N/A;NCH;None
Olympus;ENF-VH;Without channel;N/A;N/A;None;Without channel;N/A;NCH;None
Olympus;ENF-VH2;Without channel;N/A;N/A;None;Without channel;N/A;NCH;None
Olympus;ENF-VQ;Without channel;N/A;N/A;None;Without channel;N/A;NCH;None
Olympus;ENF-VT;OO P;301017;BRO;B01-011_3_302;OO P;301017;BR-LC;B01-011_3_302
Olympus;ENF-VT2;OO P;301017;BRO;B01-011_3_302;OO P;301017;BR-LC;B01-011_3_302
Olympus;ENF-VT3;OO P;301017;BRO;B01-011_3_302;OO P;301017;BR-LC;B01-011_3_302
Olympus;ENF-XP;Without channel;N/A;N/A;None;Without channel;N/A;NCH;None
Olympus;GF-UCT140;OW E UCT;301016;ECH;B01-010_3_302;OW E UCT;301016;EUS-EC;B01-010_3_302
Olympus;GF-UCT180;OW E UCT;301016;ECH;B01-010_3_302;OW E UCT;301016;EUS-EC;B01-010_3_302
Olympus;GF-UCT260;OW E UCT;301016;ECH;B01-010_3_302;OW E UCT;301016;EUS-EC;B01-010_3_302
Olympus;GF-UE160-AL5;OW E;301015;ECH;B01-009_3_302;OW E;301015;EUS-NEC;B01-009_3_302
Olympus;GF-UE190;OW E;301015;ECH;B01-009_3_302;OW E;301015;EUS-NEC;B01-009_3_302
Olympus;GF-UE260-AL5;OW E;301015;ECH;B01-009_3_302;OW E;301015;EUS-NEC;B01-009_3_302
Olympus;GF-UE290;OW E;301015;ECH;B01-009_3_302;OW E;301015;EUS-NEC;B01-009_3_302
Olympus;GF-UM160;OW E;301015;ECH;B01-009_3_302;OW E;301015;EUS-NEC;B01-009_3_302
Olympus;GF-XQ240;OW C-G-D;301013;DIG;B01-007_3_303;OW C-G-D;301013;GI-NWJ;B01-007_3_303
Olympus;GIF-1100;OW C-G-D;301013;DIG;B01-007_3_302;OW C-G-D;301013;GI-WJ;B01-007_3_302
Olympus;GIF-1200N;OW C-G-D;301013;DIG;B01-007_3_302;OW C-G-D;301013;GI-WJ;B01-007_3_302
Olympus;GIF-1TH190;OW C-G-D;301013;DIG;B01-007_3_302;OW C-G-D;301013;GI-WJ;B01-007_3_302
Olympus;GIF-1TQ160;OW C-G-D;301013;DIG;B01-007_3_302;OW C-G-D;301013;GI-WJ;B01-007_3_302
Olympus;GIF-2T160;OW 2C-G-D;301014;ECH;B01-008_3_302;OW 2C-G-D;301014;GI-DOCWJ;B01-008_3_302
Olympus;GIF-2T240;OW 2C-G-D;301014;ECH;B01-008_3_302;OW 2C-G-D;301014;GI-DOCWJ;B01-008_3_302
Olympus;GIF-2TH180;OW 2C-G-D;301014;ECH;B01-008_3_302;OW 2C-G-D;301014;GI-DOCWJ;B01-008_3_302
Olympus;GIF-2TQ260M;OW 2C-G-D;301014;ECH;B01-008_3_302;OW 2C-G-D;301014;GI-DOCWJ;B01-008_3_302
Olympus;GIF-E;OW C-G-D;301013;DIG;B01-007_3_302;OW C-G-D;301013;GI-NWJ;B01-007_3_302
Olympus;GIF-E3;OW C-G-D;301013;DIG;B01-007_3_303;OW C-G-D;301013;GI-NWJ;B01-007_3_303
Olympus;GIF-EZ1500;OW C-G-D;301013;DIG;B01-007_3_302;OW C-G-D;301013;GI-WJ;B01-007_3_302
Olympus;GIF-FQ260Z;OW C-G-D;301013;DIG;B01-007_3_303;OW C-G-D;301013;GI-NWJ;B01-007_3_303
Olympus;GIF-H180;OW C-G-D;301013;DIG;B01-007_3_303;OW C-G-D;301013;GI-NWJ;B01-007_3_303
Olympus;GIF-H180J;OW C-G-D;301013;DIG;B01-007_3_303;OW C-G-D;301013;GI-WJ;B01-007_3_303
Olympus;GIF-H185;OW C-G-D;301013;DIG;B01-007_3_303;OW C-G-D;301013;GI-NWJ;B01-007_3_303
Olympus;GIF-H190;OW C-G-D;301013;DIG;B01-007_3_302;OW C-G-D;301013;GI-WJ;B01-007_3_302
Olympus;GIF-H190N;OW C-G-D;301013;DIG;B01-007_3_303;OW C-G-D;301013;GI-NWJ;B01-007_3_303
Olympus;GIF-H260;OW C-G-D;301013;DIG;B01-007_3_302;OW C-G-D;301013;GI-WJ;B01-007_3_302
Olympus;GIF-H260Z;OW C-G-D;301013;DIG;B01-007_3_302;OW C-G-D;301013;GI-WJ;B01-007_3_302
Olympus;GIF-H290;OW C-G-D;301013;DIG;B01-007_3_302;OW C-G-D;301013;GI-WJ;B01-007_3_302
Olympus;GIF-H290EC;OW C-G-D;301013;DIG;B01-007_3_302;OW C-G-D;301013;GI-WJ;B01-007_3_302
Olympus;GIF-H290T;OW C-G-D;301013;DIG;B01-007_3_302;OW C-G-D;301013;GI-WJ;B01-007_3_302
Olympus;GIF-H290Z;OW C-G-D;301013;DIG;B01-007_3_302;OW C-G-D;301013;GI-WJ;B01-007_3_302
Olympus;GIF-HQ190;OW C-G-D;301013;DIG;B01-007_3_302;OW C-G-D;301013;GI-WJ;B01-007_3_302
Olympus;GIF-HQ290;OW C-G-D;301013;DIG;B01-007_3_302;OW C-G-D;301013;GI-WJ;B01-007_3_302
Olympus;GIF-KH260;OW C-G-D;301013;DIG;B01-007_3_303;OW C-G-D;301013;GI-NWJ;B01-007_3_303
Olympus;GIF-N180;OW C-G-D;301013;DIG;B01-007_3_303;OW C-G-D;301013;GI-NWJ;B01-007_3_303
Olympus;GIF-PQ260;OW C-G-D;301013;DIG;B01-007_3_303;OW C-G-D;301013;GI-NWJ;B01-007_3_303
Olympus;GIF-Q160;OW C-G-D;301013;DIG;B01-007_3_303;OW C-G-D;301013;GI-NWJ;B01-007_3_303
Olympus;GIF-Q165;OW C-G-D;301013;DIG;B01-007_3_303;OW C-G-D;301013;GI-NWJ;B01-007_3_303
Olympus;GIF-Q180;OW C-G-D;301013;DIG;B01-007_3_303;OW C-G-D;301013;GI-NWJ;B01-007_3_303
Olympus;GIF-Q240X;OW C-G-D;301013;DIG;B01-007_3_302;OW C-G-D;301013;GI-WJ;B01-007_3_302
Olympus;GIF-Q260J;OW C-G-D;301013;DIG;B01-007_3_302;OW C-G-D;301013;GI-WJ;B01-007_3_302
Olympus;GIF-XP160;OW C-G-D;301013;DIG;B01-007_3_303;OW C-G-D;301013;GI-NWJ;B01-007_3_303
Olympus;GIF-XP190N;OW C-G-D;301013;DIG;B01-007_3_303;OW C-G-D;301013;GI-NWJ;B01-007_3_303
Olympus;GIF-XP240;OW C-G-D;301013;DIG;B01-007_3_303;OW C-G-D;301013;GI-NWJ;B01-007_3_303
Olympus;GIF-XP260NS;OW C-G-D;301013;DIG;B01-007_3_303;OW C-G-D;301013;GI-NWJ;B01-007_3_303
Olympus;GIF-XP290N;OW C-G-D;301013;DIG;B01-007_3_303;OW C-G-D;301013;GI-NWJ;B01-007_3_303
Olympus;GIF-XTQ160;OW C-G-D;301013;DIG;B01-007_3_303;OW C-G-D;301013;GI-NWJ;B01-007_3_303
Olympus;GIF-XZ1200;OW C-G-D;301013;DIG;B01-007_3_302;OW C-G-D;301013;GI-WJ;B01-007_3_302
Olympus;GIF-XZ1200 ;OW C-G-D;301013;DIG;B01-007_3_302;OW C-G-D;301013;GI-WJ;B01-007_3_302
Olympus;HYF-1T;Wol C;301029;BRO;B01-023_3_302;Wol C;301029;CU-LC;B01-023_3_302
Olympus;HYF-V;Wol C;301029;PED;B01-023_3_302;Wol C;301029;CU-TC;B01-023_3_302
Olympus;HYF-XP;Wol C;301029;PED;B01-023_3_302;Wol C;301029;BR-TC;B01-023_3_302
Olympus;JF-260V;OW C-G-D;301013;DIG;B01-007_3_302;OW C-G-D;301013;GI-WJ;B01-007_3_302
Olympus;LF-2;OO LF;301020;BRO;B01-014_3_302;OO LF;301020;BR-LC;B01-014_3_302
Olympus;LF-DP;OO LF;301020;PED;B01-014_3_302;OO LF;301020;BR-TC;B01-014_3_302
Olympus;LF-GP;OO LF;301020;BRO;B01-014_3_302;OO LF;301020;BR-LC;B01-014_3_302
Olympus;LF-P;Without channel;N/A;N/A;None;Without channel;N/A;NCH;None
Olympus;LF-TP;OO LF;301020;BRO;B01-014_3_302;OO LF;301020;BR-LC;B01-014_3_302
Olympus;LF-V;Oly C;301054;PED;B01-030_3_302;Oly C;301054;BR-TC;B01-030_3_302
Olympus;LTF-160;OO P;301017;BRO;B01-011_3_302;OO P;301017;BR-LC;B01-011_3_302
Olympus;LTF-260;OO P;301017;BRO;B01-011_3_302;OO P;301017;BR-LC;B01-011_3_302
Olympus;LTF-H290;OO P;301017;BRO;B01-011_3_302;OO P;301017;BR-LC;B01-011_3_302
Olympus;MAF-DM;Oly C;301054;PED;B01-030_3_302;Oly C;301054;BR-TC;B01-030_3_302
Olympus;MAF-DM2;Oly C;301054;PED;B01-030_3_302;Oly C;301054;BR-TC;B01-030_3_302
Olympus;MAF-GM;Wol C;301029;BRO;B01-030_3_302;Wol C;301029;BR-LC;B01-030_3_302
Olympus;MAF-GM2;Wol C;301029;BRO;B01-030_3_302;Wol C;301029;BR-LC;B01-030_3_302
Olympus;MAF-TM;OO P;301017;BRO;B01-011_3_302;OO P;301017;BR-LC;B01-011_3_302
Olympus;MAF-TM2;Wol C;301029;BRO;B01-030_3_302;Wol C;301029;BR-LC;B01-030_3_302
Olympus;PCF-240I;OW C-G-D;301013;DIG;B01-007_3_302;OW C-G-D;301013;GI-WJ;B01-007_3_302
Olympus;PCF-H180AI;OW C-G-D;301013;DIG;B01-007_3_302;OW C-G-D;301013;GI-WJ;B01-007_3_302
Olympus;PCF-H180AL;OW C-G-D;301013;DIG;B01-007_3_302;OW C-G-D;301013;GI-WJ;B01-007_3_302
Olympus;PCF-H190DI;OW C-G-D;301013;DIG;B01-007_3_302;OW C-G-D;301013;GI-WJ;B01-007_3_302
Olympus;PCF-H190DL;OW C-G-D;301013;DIG;B01-007_3_302;OW C-G-D;301013;GI-WJ;B01-007_3_302
Olympus;PCF-H190I;OW C-G-D;301013;DIG;B01-007_3_302;OW C-G-D;301013;GI-WJ;B01-007_3_302
Olympus;PCF-H190L;OW C-G-D;301013;DIG;B01-007_3_302;OW C-G-D;301013;GI-WJ;B01-007_3_302
Olympus;PCF-H190TI;OW C-G-D;301013;DIG;B01-007_3_302;OW C-G-D;301013;GI-WJ;B01-007_3_302
Olympus;PCF-H190TL;OW C-G-D;301013;DIG;B01-007_3_302;OW C-G-D;301013;GI-WJ;B01-007_3_302
Olympus;PCF-H290I;OW C-G-D;301013;DIG;B01-007_3_302;OW C-G-D;301013;GI-WJ;B01-007_3_302
Olympus;PCF-H290L;OW C-G-D;301013;DIG;B01-007_3_302;OW C-G-D;301013;GI-WJ;B01-007_3_302
Olympus;PCF-H290TI;OW C-G-D;301013;DIG;B01-007_3_302;OW C-G-D;301013;GI-WJ;B01-007_3_302
Olympus;PCF-H290TL;OW C-G-D;301013;DIG;B01-007_3_302;OW C-G-D;301013;GI-WJ;B01-007_3_302
Olympus;PCF-H290ZI;OW C-G-D;301013;DIG;B01-007_3_302;OW C-G-D;301013;GI-WJ;B01-007_3_302
Olympus;PCF-H290ZL;OW C-G-D;301013;DIG;B01-007_3_302;OW C-G-D;301013;GI-WJ;B01-007_3_302
Olympus;PCF-HQ190I;OW C-G-D;301013;DIG;B01-007_3_302;OW C-G-D;301013;GI-WJ;B01-007_3_302
Olympus;PCF-HQ190L;OW C-G-D;301013;DIG;B01-007_3_302;OW C-G-D;301013;GI-WJ;B01-007_3_302
Olympus;PCF-P240AI;OW C-G-D;301013;DIG;B01-007_3_303;OW C-G-D;301013;GI-NWJ;B01-007_3_303
Olympus;PCF-P240AL;OW C-G-D;301013;DIG;B01-007_3_303;OW C-G-D;301013;GI-NWJ;B01-007_3_303
Olympus;PCF-PH190I;OW C-G-D;301013;DIG;B01-007_3_303;OW C-G-D;301013;GI-NWJ;B01-007_3_303
Olympus;PCF-PH190L;OW C-G-D;301013;DIG;B01-007_3_303;OW C-G-D;301013;GI-NWJ;B01-007_3_303
Olympus;PCF-PQ260I;OW C-G-D;301013;DIG;B01-007_3_303;OW C-G-D;301013;GI-NWJ;B01-007_3_303
Olympus;PCF-PQ260L;OW C-G-D;301013;DIG;B01-007_3_303;OW C-G-D;301013;GI-NWJ;B01-007_3_303
Olympus;PCF-Q180AI;OW C-G-D;301013;DIG;B01-007_3_303;OW C-G-D;301013;GI-WJ;B01-007_3_303
Olympus;PCF-Q180AL;OW C-G-D;301013;DIG;B01-007_3_303;OW C-G-D;301013;GI-WJ;B01-007_3_303
Olympus;PCF-Q260AI;OW C-G-D;301013;DIG;B01-007_3_302;OW C-G-D;301013;GI-NWJ;B01-007_3_302
Olympus;PCF-Q260AL;OW C-G-D;301013;DIG;B01-007_3_303;OW C-G-D;301013;GI-NWJ;B01-007_3_303
Olympus;PCF-Q260AZI;OW C-G-D;301013;DIG;B01-007_3_302;OW C-G-D;301013;GI-WJ;B01-007_3_302
Olympus;PCF-Q260JI;OW C-G-D;301013;DIG;B01-007_3_302;OW C-G-D;301013;GI-WJ;B01-007_3_302
Olympus;PCF-Q260JI;OW C-G-D;301013;DIG;B01-007_3_302;OW C-G-D;301013;GI-WJ;B01-007_3_302
Olympus;PCF-Q260JL;OW C-G-D;301013;DIG;B01-007_3_302;OW C-G-D;301013;GI-WJ;B01-007_3_302
Olympus;PSF-1;OW C-G-D;301013;DIG;B01-007_3_303;OW C-G-D;301013;GI-WJ;B01-007_3_303
Olympus;SIF-H190;OW C-G-D;301013;DIG;B01-007_3_303;OW C-G-D;301013;GI-NWJ;B01-007_3_303
Olympus;SIF-H290S;OW C-G-D;301013;DIG;B01-007_3_303;OW C-G-D;301013;GI-NWJ;B01-007_3_303
Olympus;SIF-Q180;OW C-G-D;301013;DIG;B01-007_3_303;OW C-G-D;301013;GI-NWJ;B01-007_3_303
Olympus;SIF-Q260;OW C-G-D;301013;DIG;B01-007_3_303;OW C-G-D;301013;GI-NWJ;B01-007_3_303
Olympus;TGF-UC180J;OW E UCT;301016;ECH;B01-010_3_302;OW E UCT;301016;EUS-EC;B01-010_3_302
Olympus;TGF-UC260J;OW E UCT;301016;ECH;B01-010_3_302;OW E UCT;301016;EUS-EC;B01-010_3_302
Olympus;TJF-160VR;OW C-G-D;301013;DIG;B01-007_3_302;OW C-G-D;301013;GI-WJ;B01-007_3_302
Olympus;TJF-260V;OW C-G-D;301013;DIG;B01-007_3_302;OW C-G-D;301013;GI-WJ;B01-007_3_302
Olympus;TJF-Q160VF;OW C-G-D;301013;DIG;B01-007_3_303;OW C-G-D;301013;GI-NWJ;B01-007_3_303
Olympus;TJF-Q180V;OW C-G-D;301013;DIG;B01-007_3_303;OW C-G-D;301013;GI-NWJ;B01-007_3_303
Olympus;TJF-Q190V;OW C-G-D;301013;DIG;B01-007_3_303;OW C-G-D;301013;GI-NWJ;B01-007_3_303
Olympus;TJF-Q290V;OW C-G-D;301013;DIG;B01-007_3_303;OW C-G-D;301013;GI-NWJ;B01-007_3_303
Olympus;URF-P5;Wol C;301029;PED;B01-023_3_302;Wol C;301029;CU-TC;B01-023_3_302
Olympus;URF-P6;Wol C;301029;PED;B01-023_3_302;Wol C;301029;CU-TC;B01-023_3_302
Olympus;URF-P7;Wol C;301029;PED;B01-023_3_302;Wol C;301029;CU-TC;B01-023_3_302
Olympus;URF-V;Wol C;301029;PED;B01-023_3_302;Wol C;301029;CU-TC;B01-023_3_302
Olympus;URF-V2;Wol C;301029;PED;B01-023_3_302;Wol C;301029;CU-TC;B01-023_3_302
Olympus;URF-V3;Wol C;301029;PED;B01-023_3_302;Wol C;301029;CU-TC;B01-023_3_302
Pentax;EB-1170K;OP B-Bp;301019;PED;B01-013_3_302;Wol C;301029;BR-SC;B01-023_3_302
Pentax;EB11-J10;Wol C;301029;BRO;B01-023_3_302;Wol C;301029;BR-SC;B01-023_3_302
Pentax;EB-1570AK;OP B-Bp;301019;BRO;B01-013_3_302;Wol C;301029;BR-SC;B01-023_3_302
Pentax;EB-1570K;OP B-Bp;301019;BRO;B01-013_3_302;Wol C;301029;BR-SC;B01-023_3_302
Pentax;EB-1572K;OP B-Bp;301019;BRO;B01-013_3_302;Wol C;301029;BR-SC;B01-023_3_302
Pentax;EB-1575K;OP B-Bp;301019;BRO;B01-013_3_302;Wol C;301029;BR-SC;B01-023_3_302
Pentax;EB15-J10;PP EB J10;301027;BRO;B01-021_3_302;PP EB J10;301027;BR-LC;B01-021_3_302
Pentax;EB-1970AK;OP B-Bp;301019;BRO;B01-013_3_302;Wol C;301029;BR-SC;B01-023_3_302
Pentax;EB-1970K;OP B-Bp;301019;BRO;B01-013_3_302;Wol C;301029;BR-SC;B01-023_3_302
Pentax;EB-1970TK;OP B-Bp;301019;BRO;B01-013_3_302;Wol C;301029;BR-SC;B01-023_3_302
Pentax;EB-1970UK;PP EEB;301026;BRO;B01-020_3_302;PP+ EEB;301120;BR-EBUS;B05-037_3_302
Pentax;EB-1972K;OP B-Bp;301019;BRO;B01-013_3_302;Wol C;301029;BR-SC;B01-023_3_302
Pentax;EB-1975K;OP B-Bp;301019;BRO;B01-013_3_302;Wol C;301029;BR-SC;B01-023_3_302
Pentax;EB-1990i;OP B-Bp;301019;PED;B01-013_3_302;Wol C;301029;BR-SC;B01-023_3_302
Pentax;EB19-J10;PP EB J10;301027;BRO;B01-021_3_302;PP EB J10;301027;BR-LC;B01-021_3_302
Pentax;EB19-J10U;PP EEB-J10;301051;BRO;B01-027_3_302;PP EEB-J10;301051;BR-EBUS;B01-027_3_302
Pentax;EC-2990Fi;PW C-G-D 90;301022;DIG;B01-016_3_302;PW C-G-D 90;301022;GI-WJ;B01-016_3_302
Pentax;EC-2990Li;PW C-G-D 90;301022;DIG;B01-016_3_302;PW C-G-D 90;301022;GI-WJ;B01-016_3_302
Pentax;EC-2990Mi;PW C-G-D 90;301022;DIG;B01-016_3_302;PW C-G-D 90;301022;GI-WJ;B01-016_3_302
Pentax;EC-3485F;PW C-G-D;301021;DIG;B01-015_3_302;PW C-G-D;301021;GI-WJ;B01-015_3_302
Pentax;EC-3485FK;PW C-G-D;301021;DIG;B01-015_3_302;PW C-G-D;301021;GI-WJ;B01-015_3_302
Pentax;EC-3485LK;PW C-G-D;301021;DIG;B01-015_3_302;PW C-G-D;301021;GI-WJ;B01-015_3_302
Pentax;EC-3490Fi;PW C-G-D 90;301022;DIG;B01-016_3_302;PW C-G-D 90;301022;GI-WJ;B01-016_3_302
Pentax;EC-3490FK;PW C-G-D 90;301022;DIG;B01-016_3_302;PW C-G-D 90;301022;GI-WJ;B01-016_3_302
Pentax;EC-3490Li;PW C-G-D 90;301022;DIG;B01-016_3_302;PW C-G-D 90;301022;GI-WJ;B01-016_3_302
Pentax;EC-3490LK;PW C-G-D 90;301022;DIG;B01-016_3_302;PW C-G-D 90;301022;GI-WJ;B01-016_3_302
Pentax;EC-3490MK;PW C-G-D 90;301022;DIG;B01-016_3_302;PW C-G-D 90;301022;GI-WJ;B01-016_3_302
Pentax;EC-3490TFi;PW C-G-D 90;301022;DIG;B01-016_3_302;PW C-G-D 90;301022;GI-WJ;B01-016_3_302
Pentax;EC-3490TLi;PW C-G-D 90;301022;DIG;B01-016_3_302;PW C-G-D 90;301022;GI-WJ;B01-016_3_302
Pentax;EC-3490TMi;PW C-G-D 90;301022;DIG;B01-016_3_302;PW C-G-D 90;301022;GI-WJ;B01-016_3_302
Pentax;EC34-i10cF;PW C-G-D 90;301022;DIG;B01-016_3_302;PW C-G-D 90;301022;GI-WJ;B01-016_3_302
Pentax;EC34-i10cL;PW C-G-D 90;301022;DIG;B01-016_3_302;PW C-G-D 90;301022;GI-WJ;B01-016_3_302
Pentax;EC34-i10cM;PW C-G-D 90;301022;DIG;B01-016_3_302;PW C-G-D 90;301022;GI-WJ;B01-016_3_302
Pentax;EC34-i10F;PW C-G-D 90;301022;DIG;B01-016_3_302;PW C-G-D 90;301022;GI-WJ;B01-016_3_302
Pentax;EC34-i10L;PW C-G-D 90;301022;DIG;B01-016_3_302;PW C-G-D 90;301022;GI-WJ;B01-016_3_302
Pentax;EC34-i10M;PW C-G-D 90;301022;DIG;B01-016_3_302;PW C-G-D 90;301022;GI-WJ;B01-016_3_302
Pentax;EC34-i10NF;PW C-G-D 90;301022;DIG;B01-016_3_302;PW C-G-D 90;301022;GI-WJ;B01-016_3_302
Pentax;EC34-i10NL;PW C-G-D 90;301022;DIG;B01-016_3_302;PW C-G-D 90;301022;GI-WJ;B01-016_3_302
Pentax;EC34-i10TF;PW C-G-D 90;301022;DIG;B01-016_3_302;PW C-G-D 90;301022;GI-WJ;B01-016_3_302
Pentax;EC34-i10TL;PW C-G-D 90;301022;DIG;B01-016_3_302;PW C-G-D 90;301022;GI-WJ;B01-016_3_302
Pentax;EC34-i10TM;PW C-G-D 90;301022;DIG;B01-016_3_302;PW C-G-D 90;301022;GI-WJ;B01-016_3_302
Pentax;EC34-i20cF;PW C-G-D 40;301023;DIG;B01-017_3_302;PW C-G-D 40;301023;GI-WJ;B01-017_3_302
Pentax;EC34-i20cF;PW C-G-D 40;301023;DIG;B01-017_3_302;PW C-G-D 40;301023;GI-WJ;B01-017_3_302
Pentax;EC34-i20cL;PW C-G-D 40;301023;DIG;B01-017_3_302;PW C-G-D 40;301023;GI-WJ;B01-017_3_302
Pentax;EC34-i20cL;PW C-G-D 40;301023;DIG;B01-017_3_302;PW C-G-D 40;301023;GI-WJ;B01-017_3_302
Pentax;EC34-i20cM;PW C-G-D 40;301023;DIG;B01-017_3_302;PW C-G-D 40;301023;GI-WJ;B01-017_3_302
Pentax;EC34-i20cM;PW C-G-D 40;301023;DIG;B01-017_3_302;PW C-G-D 40;301023;GI-WJ;B01-017_3_302
Pentax;EC-380FK2p;PW C-G-D 40;301023;DIG;B01-017_3_303;PW C-G-D 40;301023;GI-NWJ;B01-017_3_303
Pentax;EC-380FKp;PW C-G-D 40;301023;DIG;B01-017_3_303;PW C-G-D 40;301023;GI-NWJ;B01-017_3_303
Pentax;EC-380LKp;PW C-G-D 40;301023;DIG;B01-017_3_303;PW C-G-D 40;301023;GI-NWJ;B01-017_3_303
Pentax;EC-380Mk2P;PW C-G-D 40;301023;DIG;B01-017_3_303;PW C-G-D 40;301023;GI-NWJ;B01-017_3_303
Pentax;EC-381FC;PW C-G-D 40;301023;DIG;B01-017_3_302;PW C-G-D 40;301023;GI-WJ;B01-017_3_302
Pentax;EC-381MC;PW C-G-D 40;301023;DIG;B01-017_3_302;PW C-G-D 40;301023;GI-WJ;B01-017_3_302
Pentax;EC-3840TL;PW C-G-D 40;301023;DIG;B01-017_3_302;PW C-G-D 40;301023;GI-WJ;B01-017_3_302
Pentax;EC-3870CIFK;PW C-G-D;301021;DIG;B01-015_3_302;PW C-G-D;301021;GI-WJ;B01-015_3_302
Pentax;EC-3870CIFK2;PW C-G-D;301021;DIG;B01-015_3_302;PW C-G-D;301021;GI-WJ;B01-015_3_302
Pentax;EC-3870CIK;PW C-G-D;301021;DIG;B01-015_3_302;PW C-G-D;301021;GI-WJ;B01-015_3_302
Pentax;EC-3870CILK;PW C-G-D;301021;DIG;B01-015_3_302;PW C-G-D;301021;GI-WJ;B01-015_3_302
Pentax;EC-3870CIMK;PW C-G-D;301021;DIG;B01-015_3_302;PW C-G-D;301021;GI-WJ;B01-015_3_302
Pentax;EC-3870FK;PW C-G-D;301021;DIG;B01-015_3_302;PW C-G-D;301021;GI-WJ;B01-015_3_302
Pentax;EC-3870FK2;PW C-G-D;301021;DIG;B01-015_3_302;PW C-G-D;301021;GI-WJ;B01-015_3_302
Pentax;EC-3870FZK;PW C-G-D;301021;DIG;B01-015_3_302;PW C-G-D;301021;GI-WJ;B01-015_3_302
Pentax;EC-3870LZK;PW C-G-D;301021;DIG;B01-015_3_302;PW C-G-D;301021;GI-WJ;B01-015_3_302
Pentax;EC-3870M;PW C-G-D;301021;DIG;B01-015_3_302;PW C-G-D;301021;GI-WJ;B01-015_3_302
Pentax;EC-3870MK;PW C-G-D;301021;DIG;B01-015_3_302;PW C-G-D;301021;GI-WJ;B01-015_3_302
Pentax;EC-3870MK2;PW C-G-D;301021;DIG;B01-015_3_302;PW C-G-D;301021;GI-WJ;B01-015_3_302
Pentax;EC-3880FK;PW C-G-D;301021;DIG;B01-015_3_302;PW C-G-D;301021;GI-WJ;B01-015_3_302
Pentax;EC-3885F;PW C-G-D;301021;DIG;B01-015_3_302;PW C-G-D;301021;GI-WJ;B01-015_3_302
Pentax;EC-3885F2;PW C-G-D;301021;DIG;B01-015_3_302;PW C-G-D;301021;GI-WJ;B01-015_3_302
Pentax;EC-3885FK;PW C-G-D;301021;DIG;B01-015_3_303;PW C-G-D;301021;GI-NWJ;B01-015_3_303
Pentax;EC-3885FK2;PW C-G-D;301021;DIG;B01-015_3_303;PW C-G-D;301021;GI-NWJ;B01-015_3_303
Pentax;EC-3885L;PW C-G-D;301021;DIG;B01-015_3_302;PW C-G-D;301021;GI-WJ;B01-015_3_302
Pentax;EC-3885LK;PW C-G-D;301021;DIG;B01-015_3_302;PW C-G-D;301021;GI-WJ;B01-015_3_302
Pentax;EC-3885M;PW C-G-D;301021;DIG;B01-015_3_302;PW C-G-D;301021;GI-WJ;B01-015_3_302
Pentax;EC-3885M2;PW C-G-D;301021;DIG;B01-015_3_302;PW C-G-D;301021;GI-WJ;B01-015_3_302
Pentax;EC-3885MK;PW C-G-D;301021;DIG;B01-015_3_303;PW C-G-D;301021;GI-NWJ;B01-015_3_303
Pentax;EC-3885MK2;PW C-G-D;301021;DIG;B01-015_3_303;PW C-G-D;301021;GI-NWJ;B01-015_3_303
Pentax;EC-3885TFK;PW90 2C-G-D;301077;ECH;B01-031_3_302;PW90 2C-G-D;301077;GI-DOCWJ;B01-031_3_302
Pentax;EC-3890Fi;PW C-G-D 90;301022;DIG;B01-016_3_302;PW C-G-D 90;301022;GI-WJ;B01-016_3_302
Pentax;EC-3890Fi2;PW C-G-D 90;301022;DIG;B01-016_3_302;PW C-G-D 90;301022;GI-WJ;B01-016_3_302
Pentax;EC-3890FK;PW C-G-D 90;301022;DIG;B01-016_3_302;PW C-G-D 90;301022;GI-WJ;B01-016_3_302
Pentax;EC-3890FK2;PW C-G-D 90;301022;DIG;B01-016_3_302;PW C-G-D 90;301022;GI-WJ;B01-016_3_302
Pentax;EC-3890FZi;PW C-G-D 90;301022;DIG;B01-016_3_302;PW C-G-D 90;301022;GI-WJ;B01-016_3_302
Pentax;EC-3890Li;PW C-G-D 90;301022;DIG;B01-016_3_302;PW C-G-D 90;301022;GI-WJ;B01-016_3_302
Pentax;EC-3890LK;PW C-G-D 90;301022;DIG;B01-016_3_302;PW C-G-D 90;301022;GI-WJ;B01-016_3_302
Pentax;EC-3890LZi;PW C-G-D 90;301022;DIG;B01-016_3_302;PW C-G-D 90;301022;GI-WJ;B01-016_3_302
Pentax;EC-3890Mi;PW C-G-D 90;301022;DIG;B01-016_3_302;PW C-G-D 90;301022;GI-WJ;B01-016_3_302
Pentax;EC-3890Mi2;PW C-G-D 90;301022;DIG;B01-016_3_302;PW C-G-D 90;301022;GI-WJ;B01-016_3_302
Pentax;EC-3890MK;PW C-G-D 90;301022;DIG;B01-016_3_302;PW C-G-D 90;301022;GI-WJ;B01-016_3_302
Pentax;EC-3890MK2;PW C-G-D 90;301022;DIG;B01-016_3_302;PW C-G-D 90;301022;GI-WJ;B01-016_3_302
Pentax;EC-3890MZi;PW C-G-D 90;301022;DIG;B01-016_3_302;PW C-G-D 90;301022;GI-WJ;B01-016_3_302
Pentax;EC-3890TFK;PW90 2C-G-D;301077;ECH;B01-031_3_302;PW90 2C-G-D;301077;GI-DOCWJ;B01-031_3_302
Pentax;EC-3890TLK;PW90 2C-G-D;301077;ECH;B01-031_3_302;PW90 2C-G-D;301077;GI-DOCWJ;B01-031_3_302
Pentax;EC38-i10cF;PW C-G-D 90;301022;DIG;B01-016_3_302;PW C-G-D 90;301022;GI-WJ;B01-016_3_302
Pentax;EC38-i10CF2;PW C-G-D 90;301022;DIG;B01-016_3_302;PW C-G-D 90;301022;GI-WJ;B01-016_3_302
Pentax;EC38-i10cL;PW C-G-D 90;301022;DIG;B01-016_3_302;PW C-G-D 90;301022;GI-WJ;B01-016_3_302
Pentax;EC38-i10cM;PW C-G-D 90;301022;DIG;B01-016_3_302;PW C-G-D 90;301022;GI-WJ;B01-016_3_302
Pentax;EC38-i10F;PW C-G-D 90;301022;DIG;B01-016_3_302;PW C-G-D 90;301022;GI-WJ;B01-016_3_302
Pentax;EC38-i10F2;PW C-G-D 90;301022;DIG;B01-016_3_302;PW C-G-D 90;301022;GI-WJ;B01-016_3_302
Pentax;EC38-i10L;PW C-G-D 90;301022;DIG;B01-016_3_302;PW C-G-D 90;301022;GI-WJ;B01-016_3_302
Pentax;EC38-i10M;PW C-G-D 90;301022;DIG;B01-016_3_302;PW C-G-D 90;301022;GI-WJ;B01-016_3_302
Pentax;EC38-i10M2;PW C-G-D 90;301022;DIG;B01-016_3_302;PW C-G-D 90;301022;GI-WJ;B01-016_3_302
Pentax;EC38-i10NF;PW C-G-D 90;301022;DIG;B01-016_3_302;PW C-G-D 90;301022;GI-WJ;B01-016_3_302
Pentax;EC38-i10NL;PW C-G-D 90;301022;DIG;B01-016_3_302;PW C-G-D 90;301022;GI-WJ;B01-016_3_302
Pentax;EC38-i20cF;PW C-G-D 40;301023;DIG;B01-017_3_302;PW C-G-D 40;301023;GI-WJ;B01-017_3_302
Pentax;EC38-i20cF;PW C-G-D 40;301023;DIG;B01-017_3_302;PW C-G-D 40;301023;GI-WJ;B01-017_3_302
Pentax;EC38-i20cL;PW C-G-D 40;301023;DIG;B01-017_3_302;PW C-G-D 40;301023;GI-WJ;B01-017_3_302
Pentax;EC38-i20cL;PW C-G-D 40;301023;DIG;B01-017_3_302;PW C-G-D 40;301023;GI-WJ;B01-017_3_302
Pentax;EC38-i20cM;PW C-G-D 40;301023;DIG;B01-017_3_302;PW C-G-D 40;301023;GI-WJ;B01-017_3_302
Pentax;EC38-i20cM;PW C-G-D 40;301023;DIG;B01-017_3_302;PW C-G-D 40;301023;GI-WJ;B01-017_3_302
Pentax;EC38-i20cWF;PW C-G-D 40;301023;DIG;B01-017_3_302;PW C-G-D 40;301023;GI-WJ;B01-017_3_302
Pentax;EC38-i20cWF;PW C-G-D 40;301023;DIG;B01-017_3_302;PW C-G-D 40;301023;GI-WJ;B01-017_3_302
Pentax;EC38-i20cWL;PW C-G-D 40;301023;DIG;B01-017_3_302;PW C-G-D 40;301023;GI-WJ;B01-017_3_302
Pentax;EC38-i20cWL;PW C-G-D 40;301023;DIG;B01-017_3_302;PW C-G-D 40;301023;GI-WJ;B01-017_3_302
Pentax;EC38-i20cWM;PW C-G-D 40;301023;DIG;B01-017_3_302;PW C-G-D 40;301023;GI-WJ;B01-017_3_302
Pentax;EC38-i20cWM;PW C-G-D 40;301023;DIG;B01-017_3_302;PW C-G-D 40;301023;GI-WJ;B01-017_3_302
Pentax;ECY-150s;OP B-BP;301019;BRO;B01-013_3_302;Wol C;301029;CU-SC;B01-023_3_302
Pentax;ECY-1570;OP B-BP;301019;BRO;B01-013_3_302;Wol C;301029;CU-SC;B01-023_3_302
Pentax;ECY-1570K;Wol U;301030;BRO;B01-024_3_302;Wol C;301029;CU-SC;B01-023_3_302
Pentax;ECY-1575K;Wol U;301030;BRO;B01-024_3_302;Wol C;301029;CU-SC;B01-023_3_302
Pentax;ED32-i10;PW C-G-D 90;301022;DIG;B01-016_3_303;PW C-G-D 90;301022;GI-NWJ;B01-016_3_303
Pentax;ED-3480TK;PW C-G-D;301021;DIG;B01-015_3_303;PW C-G-D;301021;GI-NWJ;B01-015_3_303
Pentax;ED-3485T;PW C-G-D;301021;DIG;B01-015_3_303;PW C-G-D;301021;GI-NWJ;B01-015_3_303
Pentax;ED-3490TK;PW C-G-D 90;301022;DIG;B01-016_3_303;PW C-G-D 90;301022;GI-NWJ;B01-016_3_303
Pentax;ED34-i10cT;PW C-G-D 90;301022;DIG;B01-016_3_303;PW C-G-D 90;301022;GI-NWJ;B01-016_3_303
Pentax;ED34-i10cT;PW C-G-D 90;301022;DIG;B01-016_3_303;PW C-G-D 90;301022;GI-NWJ;B01-016_3_303
Pentax;ED34-i10cT2;PW C-G-D 90;301022;DIG;B01-016_3_303;PW C-G-D 90;301022;GI-NWJ;B01-016_3_303
Pentax;ED34-i10cT2;PW C-G-D 90;301022;DIG;B01-016_3_303;PW C-G-D 90;301022;GI-NWJ;B01-016_3_303
Pentax;ED34-i10T;PW C-G-D 90;301022;DIG;B01-016_3_303;PW C-G-D 90;301022;GI-NWJ;B01-016_3_303
Pentax;ED34-i10T2;PW C-G-D 90;301022;DIG;B01-016_3_303;PW C-G-D 90;301022;GI-NWJ;B01-016_3_303
Pentax;ED-3680TK;PW C-G-D;301021;DIG;B01-015_3_303;PW C-G-D;301021;GI-NWJ;B01-015_3_303
Pentax;EE-1580K;PW C-G-D;301021;DIG;B01-015_3_303;PW C-G-D;301021;GI-NWJ;B01-015_3_303
Pentax;EE17-J10;PW C-G-D 90;301022;DIG;B01-016_3_303;PW C-G-D 90;301022;GI-NWJ;B01-016_3_303
Pentax;EG-1580K;PW C-G-D;301021;DIG;B01-015_3_302;PW C-G-D;301021;GI-WJ;B01-015_3_302
Pentax;EG-1690K;PW C-G-D 90;301022;DIG;B01-016_3_302;PW C-G-D 90;301022;GI-NWJ;B01-016_3_302
Pentax;EG16-K10;PW C-G-D 90;301022;DIG;B01-016_3_302;PW C-G-D 90;301022;GI-NWJ;B01-016_3_302
Pentax;EG17-J10;PW C-G-D 90;301022;DIG;B01-016_3_302;PW C-G-D 90;301022;GI-NWJ;B01-016_3_302
Pentax;EG-1870K;PW C-G-D;301021;DIG;B01-015_3_302;PW C-G-D;301021;GI-NWJ;B01-015_3_302
Pentax;EG-2470K;PW C-G-D;301021;DIG;B01-015_3_303;PW C-G-D;301021;GI-NWJ;B01-015_3_303
Pentax;EG-2490K;PW C-G-D 90;301022;DIG;B01-016_3_303;PW C-G-D 90;301022;GI-NWJ;B01-016_3_303
Pentax;EG-2540;PW C-G-D 40;301023;DIG;B01-017_3_303;PW C-G-D 40;301023;GI-NWJ;B01-017_3_303
Pentax;EG-2770K;PW C-G-D;301021;DIG;B01-015_3_303;PW C-G-D;301021;GI-NWJ;B01-015_3_303
Pentax;EG-2790i;PW C-G-D 90;301022;DIG;B01-016_3_303;PW C-G-D 90;301022;GI-NWJ;B01-016_3_303
Pentax;EG-2790K;PW C-G-D 90;301022;DIG;B01-016_3_303;PW C-G-D 90;301022;GI-NWJ;B01-016_3_303
Pentax;EG27-i10;PW C-G-D 90;301022;DIG;B01-016_3_303;PW C-G-D 90;301022;GI-NWJ;B01-016_3_303
Pentax;EG27-i20c;PW C-G-D 40;301023;DIG;B01-017_3_302;PW C-G-D 40;301023;GI-WJ;B01-017_3_302
Pentax;EG27-i20c;PW C-G-D 40;301023;DIG;B01-017_3_302;PW C-G-D 40;301023;GI-WJ;B01-017_3_302
Pentax;EG-290Kp;PW C-G-D 40;301023;DIG;B01-017_3_303;PW C-G-D 40;301023;GI-NWJ;B01-017_3_303
Pentax;EG-2970K;PW C-G-D;301021;DIG;B01-015_3_302;PW C-G-D;301021;GI-WJ;B01-015_3_302
Pentax;EG-2980K;PW C-G-D;301021;DIG;B01-015_3_302;PW C-G-D;301021;GI-WJ;B01-015_3_302
Pentax;EG-2985;PW C-G-D;301021;DIG;B01-015_3_302;PW C-G-D;301021;GI-NWJ;B01-015_3_302
Pentax;EG-2985K;PW C-G-D;301021;DIG;B01-015_3_302;PW C-G-D;301021;GI-WJ;B01-015_3_302
Pentax;EG-2990i;PW C-G-D 90;301022;DIG;B01-016_3_302;PW C-G-D 90;301022;GI-WJ;B01-016_3_302
Pentax;EG-2990K;PW C-G-D 90;301022;DIG;B01-016_3_302;PW C-G-D 90;301022;GI-WJ;B01-016_3_302
Pentax;EG-2990Zi;PW C-G-D 90;301022;DIG;B01-016_3_302;PW C-G-D 90;301022;GI-WJ;B01-016_3_302
Pentax;EG29-i10;PW C-G-D 90;301022;DIG;B01-016_3_302;PW C-G-D 90;301022;GI-WJ;B01-016_3_302
Pentax;EG29-i10c;PW C-G-D 90;301022;DIG;B01-016_3_302;PW C-G-D 90;301022;GI-WJ;B01-016_3_302
Pentax;EG29-i10N;PW C-G-D 90;301022;DIG;B01-016_3_302;PW C-G-D 90;301022;GI-WJ;B01-016_3_302
Pentax;EG29-i20c;PW C-G-D 40;301023;DIG;B01-017_3_302;PW C-G-D 40;301023;GI-WJ;B01-017_3_302
Pentax;EG29-i20c;PW C-G-D 40;301023;DIG;B01-017_3_302;PW C-G-D 40;301023;GI-WJ;B01-017_3_302
Pentax;EG-3270UK;PW Enew;301025;ECH;B01-019_3_302;PW Enew;301025;EUS-EC;B01-019_3_302
Pentax;EG-3485K;PW C-G-D;301021;DIG;B01-015_3_303;PW C-G-D;301021;GI-NWJ;B01-015_3_303
Pentax;EG-3490K;PW C-G-D 90;301022;DIG;B01-016_3_302;PW C-G-D 90;301022;GI-WJ;B01-016_3_302
Pentax;EG34-i10;PW C-G-D 90;301022;DIG;B01-016_3_302;PW C-G-D 90;301022;GI-WJ;B01-016_3_302
Pentax;EG34-J10U;PW Enew;301025;ECH;B01-019_3_302;PW Enew;301025;EUS-NEC;B01-019_3_302
Pentax;EG-3630U;PW Eold;301024;ECH;Missing;PW Eold;301024;EUS-NEC;Missing
Pentax;EG-3630UR;PW Eold;301024;ECH;Missing;PW Eold;301024;EUS-NEC;Missing
Pentax;EG-3670URK;PW Enew;301025;ECH;B01-019_3_302;PW Enew;301025;EUS-NEC;B01-019_3_302
Pentax;EG36-J10UR;PW Enew;301025;ECH;B01-019_3_302;PW Enew;301025;EUS-NEC;B01-019_3_302
Pentax;EG-3830UT;PW Eold;301024;ECH;Missing;PW Eold;301024;EUS-EC;Missing
Pentax;EG-3870CIK;PW C-G-D;301021;DIG;B01-015_3_302;PW C-G-D;301021;GI-WJ;B01-015_3_302
Pentax;EG-3870UTK;PW Enew;301025;ECH;B01-019_3_302;PW Enew;301025;EUS-EC;B01-019_3_302
Pentax;EG-3885TK;PW90 2C-G-D;301077;ECH;B01-031_3_302;PW90 2C-G-D;301077;GI-DOCWJ;B01-031_3_302
Pentax;EG-3890TK;PW90 2C-G-D;301077;ECH;B01-031_3_302;PW90 2C-G-D;301077;GI-DOCWJ;B01-031_3_302
Pentax;EG38-J10UT;PW Enew;301025;ECH;B01-019_3_302;PW Enew;301025;EUS-NEC;B01-019_3_302
Pentax;ES-3870K;PW C-G-D;301021;DIG;B01-015_3_302;PW C-G-D;301021;GI-WJ;B01-015_3_302
Pentax;ES-3885K;PW C-G-D;301021;DIG;B01-015_3_302;PW C-G-D;301021;GI-WJ;B01-015_3_302
Pentax;FB-10FI;OP B-Bp;301019;PED;B01-013_3_302;Wol C;301029;BR-SC;B01-023_3_302
Pentax;FB-10V;OP B-Bp;301019;PED;B01-013_3_302;Wol C;301029;BR-SC;B01-023_3_302
Pentax;FB-15BS;OP B-Bp;301019;BRO;B01-013_3_302;Wol C;301029;BR-SC;B01-023_3_302
Pentax;FB-15FI;OP B-Bp;301019;BRO;B01-013_3_302;Wol C;301029;BR-SC;B01-023_3_302
Pentax;FB-15P;OP B-Bp;301019;BRO;B01-013_3_302;Wol C;301029;BR-SC;B01-023_3_302
Pentax;FB-15RBS;OP B-Bp;301019;BRO;B01-013_3_302;Wol C;301029;BR-SC;B01-023_3_302
Pentax;FB-15V;OP B-Bp;301019;BRO;B01-013_3_302;Wol C;301029;BR-SC;B01-023_3_302
Pentax;FB-18BS;OP B-Bp;301019;BRO;B01-013_3_302;Wol C;301029;BR-SC;B01-023_3_302
Pentax;FB-18FI;OP B-Bp;301019;BRO;B01-013_3_302;Wol C;301029;BR-SC;B01-023_3_302
Pentax;FB-18P;OP B-Bp;301019;BRO;B01-013_3_302;Wol C;301029;BR-SC;B01-023_3_302
Pentax;FB-18RBS;OP B-Bp;301019;BRO;B01-013_3_302;Wol C;301029;BR-SC;B01-023_3_302
Pentax;FB-18V;OP B-Bp;301019;BRO;B01-013_3_302;Wol C;301029;BR-SC;B01-023_3_302
Pentax;FB-19TV;OP B-Bp;301019;BRO;B01-013_3_302;Wol C;301029;BR-SC;B01-023_3_302
Pentax;FB-7P;OP B-Bp;301019;BRO;B01-013_3_302;Wol C;301029;BR-SC;B01-023_3_302
Pentax;FB-8V;OP B-Bp;301019;PED;B01-013_3_302;Wol C;301029;BR-SC;B01-023_3_302
Pentax;FCN-15X;OP B-Bp;301019;BRO;B01-013_3_302;Wol C;301029;BR-SC;B01-023_3_302
Pentax;FCP-8P;Wol C;301029;BRO;B01-023_3_302;Wol C;301029;BR-SC;B01-023_3_302
Pentax;FCP-9P;Wol C;301029;BRO;B01-023_3_302;Wol C;301029;BR-SC;B01-023_3_302
Pentax;FCY-15P2;Wol U;301030;BRO;B01-024_3_302;Wol C;301029;CU-SC;B01-023_3_302
Pentax;FCY-15RBS;Wol U;301030;BRO;B01-024_3_302;Wol C;301029;CU-SC;B01-023_3_302
Pentax;FG-34UX;PW Eold;301024;ECH;Missing;PW Eold;301024;EUS-NEC;Missing
Pentax;FG-36UX;PW Eold;301024;ECH;Missing;PW Eold;301024;EUS-NEC;Missing
Pentax;FG-38UX;PW Eold;301024;ECH;Missing;PW Eold;301024;EUS-NEC;Missing
Pentax;FHY-10RBS;Wol U;301030;PED;B01-024_3_302;Wol C;301029;CU-SC;B01-023_3_302
Pentax;FHY-15RBS;Wol U;301030;BRO;B01-024_3_302;Wol C;301029;CU-SC;B01-023_3_302
Pentax;FI-10BS;OP B-Bp;301019;PED;B01-013_3_303;Wol C;301029;BR-SC;B01-023_3_302
Pentax;FI-10RBS;OP B-Bp;301019;PED;B01-013_3_303;Wol C;301029;BR-SC;B01-023_3_302
Pentax;FI-13BS;OP B-Bp;301019;BRO;B01-013_3_303;Wol C;301029;BR-SC;B01-023_3_302
Pentax;FI-13P;OP B-Bp;301019;BRO;B01-013_3_303;Wol C;301029;BR-SC;B01-023_3_302
Pentax;FI-13RBS;OP B-Bp;301019;BRO;B01-013_3_303;Wol C;301029;BR-SC;B01-023_3_302
Pentax;FI-16BS;OP B-Bp;301019;BRO;B01-013_3_303;Wol C;301029;BR-SC;B01-023_3_302
Pentax;FI-16RBS;OP B-Bp;301019;BRO;B01-013_3_303;Wol C;301029;BR-SC;B01-023_3_302
Pentax;FI-7BS;Without channel;N/A;NA;None;Without channel;N/A;NCH;None
Pentax;FI-7P;Without channel;N/A;NA;None;Without channel;N/A;NCH;None
Pentax;FI-7RBS;Without channel;N/A;NA;None;Without channel;N/A;NCH;None
Pentax;FI-9BS;OP B-Bp;301019;PED;B01-013_3_303;Wol C;301029;BR-SC;B01-023_3_302
Pentax;FI-9RBS;OP B-Bp;301019;PED;B01-013_3_303;Wol C;301029;BR-SC;B01-023_3_302
Pentax;FNL-10BS;Without channel;N/A;NA;None;Without channel;N/A;NCH;None
Pentax;FNL-10RBS;Without channel;N/A;NA;None;Without channel;N/A;NCH;None
Pentax;FNL-10RP2;Without channel;N/A;NA;None;Without channel;N/A;NCH;None
Pentax;FNL-10RP3;Without channel;N/A;NA;None;Without channel;N/A;NCH;None
Pentax;FNL-15RBS;OP B-Bp;301019;BRO;B01-013_3_303;Wol C;301029;BR-SC;B01-023_3_302
Pentax;FNL-15RP3;OP B-Bp;301019;BRO;B01-013_3_303;Wol C;301029;BR-SC;B01-023_3_302
Pentax;FNL-7RBS;Without channel;N/A;NA;None;Without channel;N/A;NCH;None
Pentax;FNL-7RP3;Without channel;N/A;NA;None;Without channel;N/A;NCH;None
Pentax;FP-7RBS;N/A;N/A;N/A;N/A;N/A;N/A;NCH;N/A
Pentax;FP-7RBS2;Without channel;N/A;NA;None;Without channel;N/A;NCH;None
Pentax;FUR-9RBS;Wol U;301030;PED;B01-024_3_302;Wol C;301029;CU-SC;B01-023_3_302
Pentax;G-EYE34-i10cF;PW C-G-D 90;301022;DIG;B01-016_3_302;PW C-G-D 90;301022;GI-WJ;B01-016_3_302
Pentax;G-EYE34-i10cL;PW C-G-D 90;301022;DIG;B01-016_3_302;PW C-G-D 90;301022;GI-WJ;B01-016_3_302
Pentax;G-EYE34-i10F;PW C-G-D 90;301022;DIG;B01-016_3_302;PW C-G-D 90;301022;GI-WJ;B01-016_3_302
Pentax;G-EYE34-i10L;PW C-G-D 90;301022;DIG;B01-016_3_302;PW C-G-D 90;301022;GI-WJ;B01-016_3_302
Pentax;G-EYE38-i10cF;PW C-G-D 90;301022;DIG;B01-016_3_302;PW C-G-D 90;301022;GI-WJ;B01-016_3_302
Pentax;G-EYE38-i10cF2;PW C-G-D 90;301022;DIG;B01-016_3_302;PW C-G-D 90;301022;GI-WJ;B01-016_3_302
Pentax;G-EYE38-i10cL;PW C-G-D 90;301022;DIG;B01-016_3_302;PW C-G-D 90;301022;GI-WJ;B01-016_3_302
Pentax;G-EYE38-i10cM;PW C-G-D 90;301022;DIG;B01-016_3_302;PW C-G-D 90;301022;GI-WJ;B01-016_3_302
Pentax;G-EYE38-i10F;PW C-G-D 90;301022;DIG;B01-016_3_302;PW C-G-D 90;301022;GI-WJ;B01-016_3_302
Pentax;G-EYE38-i10F2;PW C-G-D 90;301022;DIG;B01-016_3_302;PW C-G-D 90;301022;GI-WJ;B01-016_3_302
Pentax;G-EYE38-i10L;PW C-G-D 90;301022;DIG;B01-016_3_302;PW C-G-D 90;301022;GI-WJ;B01-016_3_302
Pentax;G-EYE38-i10NF;PW C-G-D 90;301022;DIG;B01-016_3_302;PW C-G-D 90;301022;GI-WJ;B01-016_3_302
Pentax;G-EYE38-i10NL;PW C-G-D 90;301022;DIG;B01-016_3_302;PW C-G-D 90;301022;GI-WJ;B01-016_3_302
Pentax;VLS-1070STK;Without channel;N/A;NA;None;Without channel;N/A;NCH;None
Pentax;VLS-1190STK;Without channel;N/A;NA;None;Without channel;N/A;NCH;None
Pentax;VLS-1590STi;Without channel;N/A;NA;None;Without channel;N/A;NCH;None
Pentax;VNL-1070STK;Without channel;N/A;NA;None;Without channel;N/A;NCH;None
Pentax;VNL-110s;Without channel;N/A;NA;None;Without channel;N/A;NCH;None
Pentax;VNL-110STs;Without channel;N/A;NA;None;Without channel;N/A;NCH;None
Pentax;VNL-1170;Without channel;N/A;NA;None;Without channel;N/A;NCH;None
Pentax;VNL-1170K;Without channel;N/A;NA;None;Without channel;N/A;NCH;None
Pentax;VNL-1190STK;Without channel;N/A;NA;None;Without channel;N/A;NCH;None
Pentax;VNL11-J10;Without channel;N/A;NA;None;Without channel;N/A;NCH;None
Pentax;VNL-1570;OP B-Bp;301019;BRO;B01-013_3_302;Wol C;301029;BR-SC;B01-023_3_302
Pentax;VNL-1570STK;OP B-Bp;301019;BRO;B01-013_3_302;Wol C;301029;BR-SC;B01-023_3_302
Pentax;VNL-1590STi;Without channel;N/A;NA;None;Without channel;N/A;NCH;None
Pentax;VNL15-J10;PP EB J10;301027;BRO;B01-021_3_302;PP EB J10;301027;BR-LC;B01-021_3_302
Pentax;VNL8-J10;Without channel;N/A;NA;None;Without channel;N/A;NCH;None
Pentax;VNL9-CP;Without channel;N/A;NA;None;Without channel;N/A;NCH;None
Pentax;VSB-2990i;PW C-G-D 90;301022;DIG;B01-016_3_302;PW C-G-D 90;301022;GI-NWJ;B01-016_3_302
Pentax;VSB-3430K;PW C-G-D 40;301023;DIG;B01-017_3_302;PW C-G-D 40;301023;GI-NWJ;B01-017_3_302
Storz;091251-06;Wol C;301029;PED;B01-023_3_302;Wol C;301029;BR-TC;B01-023_3_302
Storz;091261-06;Wol C;301029;PED;B01-023_3_302;Wol C;301029;BR-TC;B01-023_3_302
Storz;091361-06;Wol C;301029;PED;B01-023_3_302;Wol C;301029;BR-TC;B01-023_3_302
Storz;11001 BI;OP B-Bp;301019;BRO;B01-013_3_304;Wol C;301029;BR-SC;B01-023_3_302
Storz;11001 BN;OP B-Bp;301019;BRO;B01-013_3_304;Wol C;301029;BR-SC;B01-023_3_302
Storz;11001 BN1;OP B-Bp;301019;BRO;B01-013_3_304;Wol C;301029;BR-SC;B01-023_3_302
Storz;11001 RD;Wol U;301030;PED;B01-024_3_302;Wol U;301030;BR-TC;B01-024_3_302
Storz;11001 UD;Wol U;301030;BRO;B01-024_3_302;Wol U;301030;BR-LC;B01-024_3_302
Storz;11002 BD;OP B-Bp;301019;PED;B01-013_3_304;Wol C;301029;BR-SC;B01-023_3_302
Storz;11003 BC;OP B-Bp;301019;PED;B01-013_3_304;Wol C;301029;BR-SC;B01-023_3_302
Storz;11004 BC;OP B-Bp;301019;BRO;B01-013_3_304;Wol C;301029;BR-SC;B01-023_3_302
Storz;11004 BI;OP B-Bp;301019;BRO;B01-013_3_304;Wol C;301029;BR-SC;B01-023_3_302
Storz;11005 BC;OP B-Bp;301019;PED;B01-013_3_304;Wol C;301029;BR-SC;B01-023_3_302
Storz;11009 BC;OP B-Bp;301019;BRO;B01-013_3_304;Wol C;301029;BR-SC;B01-023_3_302
Storz;11009 BC1;OP B-Bp;301019;BRO;B01-013_3_304;Wol C;301029;BR-SC;B01-023_3_302
Storz;11009 BI;OP B-Bp;301019;BRO;B01-013_3_304;Wol C;301029;BR-SC;B01-023_3_302
Storz;11101 CM;Without channel;N/A;NA;None;Without channel;N/A;NCH;None
Storz;11101 CMK;Without channel;N/A;NA;None;Without channel;N/A;NCH;None
Storz;11101 P;Without channel;N/A;NA;None;Without channel;N/A;NCH;None
Storz;11101 SK;Without channel;N/A;NA;None;Without channel;N/A;NCH;None
Storz;11101 VP;Without channel;N/A;NA;None;Without channel;N/A;NCH;None
Storz;11101RP;Without channel;N/A;NA;None;Without channel;N/A;NCH;None
Storz;11101SK;Without channel;N/A;NA;None;Without channel;N/A;NCH;None
Storz;11101SP;Without channel;N/A;NA;None;Without channel;N/A;NCH;None
Storz;11264 BB;Wol C;301029;PED;B01-023_3_302;Wol C;301029;CU-TC;B01-023_3_302
Storz;11272 C;Wol U;301030;BRO;B01-024_3_302;Wol U;301030;CU-LC;B01-024_3_302
Storz;11272 C1;Wol U;301030;BRO;B01-024_3_302;Wol U;301030;CU-LC;B01-024_3_302
Storz;11272 CU;Wol U;301030;BRO;B01-024_3_302;Wol U;301030;CU-LC;B01-024_3_302
Storz;11272 VK;Wol U;301030;BRO;B01-024_3_302;Wol U;301030;CU-LC;B01-024_3_302
Storz;11272 VN;Wol U;301030;BRO;B01-024_3_302;Wol U;301030;CU-LC;B01-024_3_302
Storz;11272 VNI;Wol U;301030;BRO;B01-024_3_302;Wol U;301030;CU-LC;B01-024_3_302
Storz;11272 VNIU;Wol U;301030;BRO;B01-024_3_302;Wol U;301030;CU-LC;B01-024_3_302
Storz;11272 VNU;Wol U;301030;BRO;B01-024_3_302;Wol U;301030;CU-LC;B01-024_3_302
Storz;11272 VP;Wol U;301030;BRO;B01-024_3_302;Wol U;301030;CU-LC;B01-024_3_302
Storz;11272 VPI;Wol U;301030;BRO;B01-024_3_302;Wol U;301030;CU-LC;B01-024_3_302
Storz;11272 VUK;Wol U;301030;BRO;B01-024_3_302;Wol U;301030;CU-LC;B01-024_3_302
Storz;11272VH;Stz CU;301097;BRO;B01-033_3_302;Wol U;301030;CU-SC;B01-033_3_302 / B01-024_3_302
Storz;11272VHK;Stz CU;301097;BRO;B01-033_3_302;Wol U;301030;CU-SC;B01-033_3_302 / B01-024_3_302
Storz;11272VHUK;Stz CU;301097;BRO;B01-033_3_302;Wol U;301030;CU-SC;B01-033_3_302 / B01-024_3_302
Storz;11278 A;Wol U;301030;PED;B01-024_3_302;Wol U;301030;CU-TC;B01-024_3_302
Storz;11278 AU;Wol U;301030;PED;B01-024_3_302;Wol U;301030;CU-TC;B01-024_3_302
Storz;11278 V;Wol U;301030;PED;B01-024_3_302;Wol U;301030;CU-TC;B01-024_3_302
Storz;11278 VK;Wol U;301030;PED;B01-024_3_302;Wol U;301030;CU-TC;B01-024_3_302
Storz;11278 VS;Wol U;301030;PED;B01-024_3_302;Wol U;301030;CU-TC;B01-024_3_302
Storz;11278 VSK;Wol U;301030;PED;B01-024_3_302;Wol U;301030;CU-TC;B01-024_3_302
Storz;11278 VSUK;Wol U;301030;PED;B01-024_3_302;Wol U;301030;CU-TC;B01-024_3_302
Storz;11278 VUK;Wol U;301030;PED;B01-024_3_302;Wol U;301030;CU-TC;B01-024_3_302
Storz;11292 AD1;Wol U;301030;PED;B01-024_3_302;Wol U;301030;CU-TC;B01-024_3_302
Storz;11292 DE1;Wol U;301030;BRO;B01-024_3_302;Wol U;301030;CU-LC;B01-024_3_302
Storz;11292 VP;Wol U;301030;BRO;B01-024_3_302;Wol U;301030;CU-LC;B01-024_3_302
Storz;11292 VPU;Wol U;301030;BRO;B01-024_3_302;Wol U;301030;CU-LC;B01-024_3_302
Storz;11292 VSEK;Wol U;301030;PED;B01-024_3_302;Wol U;301030;CU-TC;B01-024_3_302
Storz;11292 VSUEK;Wol U;301030;PED;B01-024_3_302;Wol U;301030;CU-TC;B01-024_3_302
Storz;11301 AA1;OP B-Bp;301019;BRO;B01-013_3_304;Wol C;301029;BR-SC;B01-023_3_302
Storz;11301 AAK1;OP B-Bp;301019;PED;B01-013_3_304;Wol C;301029;BR-SC;B01-023_3_302
Storz;11301 ABXK;Without channel;N/A;NA;None;Without channel;N/A;NCH;None
Storz;11301 BN1;OP B-Bp;301019;BRO;B01-013_3_304;Wol C;301029;BR-SC;B01-023_3_302
Storz;11301 BNK1;OP B-Bp;301019;BRO;B01-013_3_304;Wol C;301029;BR-SC;B01-023_3_302
Storz;11301 BNX;OP B-Bp;301019;BRO;B01-013_3_304;Wol C;301029;BR-SC;B01-023_3_302
Storz;11302 BD2;OP B-Bp;301019;BRO;B01-013_3_304;Wol C;301029;BR-SC;B01-023_3_302
Storz;11302 BDK2;OP B-Bp;301019;PED;B01-013_3_304;Wol C;301029;BR-SC;B01-023_3_302
Storz;11302 BDXK;OP B-Bp;301019;PED;B01-013_3_304;Wol C;301029;BR-SC;B01-023_3_302
Storz;11303 BNXK;OP B-Bp;301019;BRO;B01-013_3_304;Wol C;301029;BR-SC;B01-023_3_302
Storz;11304 BCXK;OP B-Bp;301019;BRO;B01-013_3_304;Wol C;301029;BR-SC;B01-023_3_302
Storz;11572 A;Without channel;N/A;NA;None;Without channel;N/A;NCH;None
Storz;11576 A;Without channel;N/A;NA;None;Without channel;N/A;NCH;None
Storz;11577 A;Without channel;N/A;NA;None;Without channel;N/A;NCH;None
Storz;11581 A;Without channel;N/A;NA;None;Without channel;N/A;NCH;None
Storz;11900 AN;OP B-Bp;301019;BRO;B01-013_3_304;Wol C;301029;BR-SC;B01-023_3_302
Storz;11900 AP;OP B-Bp;301019;BRO;B01-013_3_304;Wol C;301029;BR-SC;B01-023_3_302
Storz;11900 BN;OP B-Bp;301019;BRO;B01-013_3_304;Wol C;301029;BR-SC;B01-023_3_302
Storz;11900 BP;OP B-Bp;301019;BRO;B01-013_3_304;Wol C;301029;BR-SC;B01-023_3_302
Storz;11910D;OP B-Bp;301019;BRO;B01-023_3_302;Wol C;301029;BR-SC;B01-023_3_302
Storz;11910DK;OP B-Bp;301019;BRO;B01-023_3_302;Wol C;301029;BR-SC;B01-023_3_302
Storz;11910T;OP B-Bp;301019;BRO;B01-023_3_302;Wol C;301029;BR-SC;B01-023_3_302
Storz;11910TK;OP B-Bp;301019;BRO;B01-023_3_302;Wol C;301029;BR-SC;B01-023_3_302
Storz;13304CS;Without channel;N/A;NA;None;Without channel;N/A;NCH;None
Storz;13700 CKS;Wol C;301029;BRO;B01-023_3_302;Wol C;301029;BR-LC;B01-023_3_302
Storz;13820 NKS;SW C-G-D;301028;DIG;B01-022_3_303;SW C-G-D;301028;GI-NWJ;B01-022_3_303
Storz;13820 PKS;SW C-G-D;301028;DIG;B01-022_3_303;SW C-G-D;301028;GI-NWJ;B01-022_3_303
Storz;13821 NKS;SW C-G-D;301028;DIG;B01-022_3_303;SW C-G-D;301028;GI-NWJ;B01-022_3_303
Storz;13821 PKS;SW C-G-D;301028;DIG;B01-022_3_303;SW C-G-D;301028;GI-NWJ;B01-022_3_303
Storz;13885 FNKS;SW C-G-D;301028;DIG;B01-022_3_303;SW C-G-D;301028;GI-NWJ;B01-022_3_303
Storz;13885 FPKS;SW C-G-D;301028;DIG;B01-022_3_303;SW C-G-D;301028;GI-NWJ;B01-022_3_303
Storz;13885 NKS;SW C-G-D;301028;DIG;B01-022_3_303;SW C-G-D;301028;GI-NWJ;B01-022_3_303
Storz;13885 PKS;SW C-G-D;301028;DIG;B01-022_3_303;SW C-G-D;301028;GI-NWJ;B01-022_3_303
Storz;13912 NKS;SW C-G-D;301028;DIG;B01-022_3_303;SW C-G-D;301028;GI-NWJ;B01-022_3_303
Storz;13912 PKS;SW C-G-D;301028;DIG;B01-022_3_303;SW C-G-D;301028;GI-NWJ;B01-022_3_303
Storz;13920 NKS;SW C-G-D;301028;DIG;B01-022_3_302;SW C-G-D;301028;GI-WJ;B01-022_3_302
Storz;13920 PKS;SW C-G-D;301028;DIG;B01-022_3_302;SW C-G-D;301028;GI-WJ;B01-022_3_302
Storz;13924 HNKS;SW C-G-D;301028;DIG;B01-022_3_302;SW C-G-D;301028;GI-WJ;B01-022_3_302
Storz;13924 HPKS;SW C-G-D;301028;DIG;B01-022_3_302;SW C-G-D;301028;GI-WJ;B01-022_3_302
Storz;13924 NKS;SW C-G-D;301028;DIG;B01-022_3_303;SW C-G-D;301028;GI-NWJ;B01-022_3_303
Storz;13924 PKS;SW C-G-D;301028;DIG;B01-022_3_303;SW C-G-D;301028;GI-NWJ;B01-022_3_303
Storz;13925 HNKS;SW C-G-D;301028;DIG;B01-022_3_302;SW C-G-D;301028;GI-WJ;B01-022_3_302
Storz;13925 HPKS;SW C-G-D;301028;DIG;B01-022_3_302;SW C-G-D;301028;GI-WJ;B01-022_3_302
Storz;13925 NKS;SW C-G-D;301028;DIG;B01-022_3_302;SW C-G-D;301028;GI-WJ;B01-022_3_302
Storz;13925 PKS;SW C-G-D;301028;DIG;B01-022_3_302;SW C-G-D;301028;GI-WJ;B01-022_3_302
Storz;13926 NKS;SW C-G-D;301028;DIG;B01-022_3_302;SW C-G-D;301028;GI-WJ;B01-022_3_302
Storz;13926 PKS;SW C-G-D;301028;DIG;B01-022_3_302;SW C-G-D;301028;GI-WJ;B01-022_3_302
Storz;13927 NKS;SW C-G-D;301028;DIG;B01-022_3_302;SW C-G-D;301028;GI-WJ;B01-022_3_302
Storz;13927 PKS;SW C-G-D;301028;DIG;B01-022_3_302;SW C-G-D;301028;GI-WJ;B01-022_3_302
Storz;8402 ZX;Without channel;N/A;NA;None;Without channel;N/A;NCH;None
Wolf;7223.001;Wol C;301029;PED;B01-023_3_302;Wol C;301029;CU-TC;B01-023_3_302
Wolf;7224.001;Without channel;N/A;NA;None;Without channel;N/A;NCH;None
Wolf;7265.001;Wol C;301029;BRO;B01-023_3_302;Wol C;301029;CU-LC;B01-023_3_302
Wolf;7265.006;Wol C;301029;BRO;B01-023_3_302;Wol C;301029;CU-LC;B01-023_3_302
Wolf;7268.001;Wol C;301029;BRO;B01-023_3_302;Wol C;301029;CU-LC;B01-023_3_302
Wolf;7268.061;Wol C;301029;BRO;B01-023_3_302;Wol C;301029;CU-LC;B01-023_3_302
Wolf;7269.001;Wol C;301029;BRO;B01-023_3_302;Wol C;301029;CU-LC;B01-023_3_302
Wolf;7269.061;Wol C;301029;BRO;B01-023_3_302;Wol C;301029;CU-LC;B01-023_3_302
Wolf;7270.001;Wol C;301029;BRO;B01-023_3_302;Wol C;301029;CU-LC;B01-023_3_302
Wolf;7270.061;Wol C;301029;BRO;B01-023_3_302;Wol C;301029;CU-LC;B01-023_3_302
Wolf;7305.001;Wol C;301029;BRO;B01-023_3_302;Wol C;301029;CU-LC;B01-023_3_302
Wolf;7305.006;Wol C;301029;BRO;B01-023_3_302;Wol C;301029;CU-LC;B01-023_3_302
Wolf;7308.001;Wol C;301029;BRO;B01-023_3_302;Wol C;301029;CU-LC;B01-023_3_302
Wolf;7308.0014;Wol C;301029;BRO;B01-023_3_302;Wol C;301029;CU-LC;B01-023_3_302
Wolf;7308.006;Wol C;301029;BRO;B01-023_3_302;Wol C;301029;CU-LC;B01-023_3_302
Wolf;7308.0064;Wol C;301029;BRO;B01-023_3_302;Wol C;301029;CU-LC;B01-023_3_302
Wolf;7308.061;Wol C;301029;BRO;B01-023_3_302;Wol C;301029;CU-LC;B01-023_3_302
Wolf;7308.0614;Wol C;301029;BRO;B01-023_3_302;Wol C;301029;CU-LC;B01-023_3_302
Wolf;7308.066;Wol C;301029;BRO;B01-023_3_302;Wol C;301029;CU-LC;B01-023_3_302
Wolf;7308.0664;Wol C;301029;BRO;B01-023_3_302;Wol C;301029;CU-LC;B01-023_3_302
Wolf;7315.001;Wol U;301030;BRO;B01-024_3_302;Wol U;301030;CU-LC;B01-024_3_302
Wolf;7315.006;Wol U;301030;BRO;B01-024_3_302;Wol U;301030;CU-LC;B01-024_3_302
Wolf;7315.1001;Wol U;301030;BRO;B01-024_3_302;Wol U;301030;CU-LC;B01-024_3_302
Wolf;7315.1006;Wol U;301030;BRO;B01-024_3_302;Wol U;301030;CU-LC;B01-024_3_302
Wolf;7325.122;Wol C;301029;PED;B01-023_3_302;Wol C;301029;CU-TC;B01-023_3_302
Wolf;7325.152;Wol C;301029;PED;B01-023_3_302;Wol C;301029;CU-TC;B01-023_3_302
Wolf;7325.172;Wol C;301029;PED;B01-023_3_302;Wol C;301029;CU-TC;B01-023_3_302
Wolf;7330.052;Wol C;301029;PED;B01-023_3_302;Wol C;301029;CU-LC;B01-023_3_302
Wolf;7330.072;Wol C;301029;PED;B01-023_3_302;Wol C;301029;CU-LC;B01-023_3_302
Wolf;7355.071;Wol U;301030;PED;B01-024_3_302;Wol U;301030;CU-TC;B01-024_3_302
Wolf;7355.076;Wol U;301030;PED;B01-024_3_302;Wol U;301030;CU-TC;B01-024_3_302
Wolf;7355.1071;Wol U;301030;PED;B01-024_3_302;Wol U;301030;CU-TC;B01-024_3_302
Wolf;7355.1076;Wol U;301030;PED;B01-024_3_302;Wol U;301030;CU-TC;B01-024_3_302
Wolf;7356.071;Wol U2c;301031;PED;B01-025_3_302;Wol U2c;301031;CU-TC;B01-025_3_302
Wolf;7356.076;Wol U2c;301031;PED;B01-025_3_302;Wol U2c;301031;CU-TC;B01-025_3_302
Wolf;7356.1071;Wol U2c;301031;PED;B01-025_3_302;Wol U2c;301031;CU-TC;B01-025_3_302
Wolf;7356.1076;Wol U2c;301031;PED;B01-025_3_302;Wol U2c;301031;CU-TC;B01-025_3_302
Wolf;7326.076;Wol U2c;301031;PED;B01-025_3_302;Wol U2c;301031;CU-TC;B01-025_3_302
